chain_1,residue_1,chain_2,residue_2,RRCS
P,E25,R,K113,0.017136206896551726
P,L14,R,V120,0.1505948275862069
P,L17,R,V120,0.3455176666666667
P,L20,R,K113,1.4232733333333332
P,M21,R,K113,1.1984189655172417
P,Q24,R,K113,0.3926370000000001
P,R27,R,E109,1.23175
P,V18,R,V120,0.01710931034482759
R,E109,R,K113,0.11964166666666665
R,G126,R,F354,0.9227604770114943
R,G126,R,S353,1.3746575574712643
R,K113,R,H117,0.23780581609195406
R,L134,R,F162,0.7985058103448276
R,L134,R,G356,0.9475267758620689
R,L134,R,I159,1.081711620689655
R,L134,R,I163,1.1253018505747125
R,L134,R,N166,0.32323870689655176
R,L134,R,S360,0.4492586896551724
R,L323,R,I325,0.3306263908045977
R,R292,R,I293,0.50983
R,S130,R,F354,0.6788831034482758
R,S130,R,F357,1.1413705459770114
R,S130,R,G356,0.4421566379310345
R,S130,R,L134,0.27617312068965516
R,S130,R,N166,0.4415708103448276
R,S130,R,Q355,0.07897275862068966
R,S130,R,S353,0.49764666091954024
R,V120,R,I121,0.04950068965517242
R,V120,R,Y124,0.4253073333333333
