chain_1,residue_1,chain_2,residue_2,RRCS
R,E109,R,K113,0.11964166666666666
R,K113,R,H117,0.31052266666666667
R,V120,R,Y124,0.4253073333333333
R,G126,R,S353,1.3062316666666665
R,G126,R,F354,0.7257723333333334
R,S130,R,L134,0.515269
R,S130,R,N166,0.432013
R,S130,R,S353,0.12044366666666667
R,S130,R,G356,0.269505
R,S130,R,F357,0.6298583333333333
R,L134,R,I159,0.8471460000000001
R,L134,R,F162,0.616133
R,L134,R,I163,0.9991726666666666
R,L134,R,N166,0.291535
R,L134,R,G356,0.391837
R,L134,R,S360,0.731236
R,L323,R,I325,0.40534933333333334
P,L17,R,V120,0.34551766666666667
P,L20,R,K113,1.4232733333333332
P,Q24,R,K113,0.39263700000000007
P,R27,R,E109,1.2317500000000001
