chain_1,residue_1,chain_2,residue_2,RRCS
R,K113,R,H117,0.1650889655172414
R,V120,R,I121,0.04950068965517242
R,G126,R,S353,1.4430834482758619
R,G126,R,F354,1.1197486206896552
R,S130,R,L134,0.037077241379310344
R,S130,R,N166,0.4511286206896552
R,S130,R,S353,0.8748496551724139
R,S130,R,F354,0.6788831034482758
R,S130,R,Q355,0.07897275862068966
R,S130,R,G356,0.614808275862069
R,S130,R,F357,1.6528827586206896
R,L134,R,I159,1.3162772413793102
R,L134,R,F162,0.9808786206896553
R,L134,R,I163,1.2514310344827586
R,L134,R,N166,0.3549424137931035
R,L134,R,G356,1.5032165517241378
R,L134,R,S360,0.16728137931034484
R,R292,R,I293,0.50983
R,L323,R,I325,0.2559034482758621
P,L14,R,V120,0.1505948275862069
P,V18,R,V120,0.017109310344827586
P,M21,R,K113,1.1984189655172415
P,E25,R,K113,0.017136206896551726
