,residue,frequency,blosum80_score,Wootten,Name,domains
0,A,0.957746478873239,0,-,A26,N-ter
1,N,0.986111111111111,0,-,N46,N-ter
2,S,0.972222222222222,-10,-,S48,N-ter
3,P,0.986111111111111,-10,-,P51,N-ter
4,V,0.986666666666667,0,-,V57,N-ter
5,R,0.986666666666667,-3,-,R60,N-ter
6,T,0.946666666666667,1,-,T61,N-ter
7,P,0.986666666666667,-2,-,P69,N-ter
8,D,0.973333333333333,-4,-,D70,N-ter
9,H,0.946666666666667,-2,-,H93,N-ter
10,G,0.967213114754098,-10,-,G109,N-ter
11,P,0.950819672131147,-10,-,P110,N-ter
12,G,0.983606557377049,-10,-,G112,N-ter
13,Q,0.934426229508197,-2,-,Q113,N-ter
14,Q,0.923076923076923,-10,1.29,Q131,TM1
15,Y,0.906666666666667,-2,1.36,Y138,TM1
16,A,0.921052631578947,0,1.53,A155,TM1
17,K,0.909090909090909,2,12.49,K168,ICL1
18,H,0.948051948051948,0,12.51,H170,ICL1
19,S,0.987012987012987,1,2.63,S190,TM2
20,V,0.961538461538462,3,3.34,V229,TM3
21,M,0.987179487179487,-1,3.36,M231,TM3
22,I,0.923076923076923,1,4.48,I270,TM4
23,N,0.91025641025641,-4,-,N300,ECL2
24,M,1,-2,-,M301,ECL2
25,L,0.961538461538462,-10,5.45,L313,TM5
26,A,0.974358974358974,0,5.46,A314,TM5
27,A,1,0,5.67,A335,TM5
28,K,1,2,6.35,K344,TM6
29,F,0.923076923076923,0,6.36,F345,TM6
30,I,0.961538461538462,3,6.46,I355,TM6
31,F,0.974358974358974,-4,6.58,F367,TM6
32,D,0.935897435897436,1,6.61,D370,TM6
33,F,0.987179487179487,-4,7.4,F383,TM7
34,D,0.948717948717949,1,7.42,D385,TM7
35,L,1,1,7.43,L386,TM7
36,A,0.986842105263158,1,7.54,A397,TM7
37,W,0.960526315789474,-3,8.61,W418,H8
38,G,0.931506849315068,-3,8.64,G421,H8
