,6LMK_active,6WHC_active,6WPW_active,4L6R_inactive,5EE7_inactive,5YQZ_inactive,5XF1_inactive,5XEZ_inactive,p_scores
"('100_CYS', '105_GLN')",4.649056,4.070773,5.099704,0.0,0.0,0.107557,0.078722,0.4963329999999999,1.966288672267449e-06
"('152_SER', '390_SER')",0.671036,1.436303,1.000011,2.208428,2.104559,2.737922,2.418277,2.384472,0.0008433590068591359
"('172_THR', '262_SER')",1.727427,1.609521,1.931092,0.893075,0.0,0.620627,0.0,0.0,0.0006731920739209353
"('201_ARG', '293_GLN')",7.619808,5.487716000000001,4.45276,0.0,0.0,0.0,0.0,0.0,0.00013622217880290236
"('261_ARG', '263_PHE')",2.770869,2.166435,2.806993,0.0,0.0,0.0,0.0,0.0,2.6370550223569962e-06
"('180_LEU', '400_TYR')",0.0,0.0,0.0,1.438727,1.381994,1.3972950000000002,1.114793,1.299724,2.098193636936882e-05
"('245_GLU', '351_THR')",0.0,0.0,0.0,2.202556,2.389536,1.3077,1.881732,2.284446,0.000503743963637349
"('245_GLU', '400_TYR')",0.0,0.0,0.0,7.431158,7.783189999999999,7.442538000000001,9.065952,6.9670440000000005,2.6642902254041502e-05
"('249_LEU', '347_LEU')",0.0,0.0,0.0,1.55899,1.696235,1.520679,0.922871,1.579613,0.00043645694527676425
"('350_SER', '399_LEU')",0.0,0.0,0.0,4.775632,5.943278,6.319337,4.225332,4.534905,0.00023049709418914915
"('351_THR', '400_TYR')",0.0,0.0,0.0,6.035609,5.44949,6.12274,6.203511,7.065419,1.8364960377749923e-05
"('354_LEU', '395_LEU')",0.0,0.0,0.0,0.628117,0.971425,0.977878,0.636423,0.662404,0.0006853304949554109
"('358_LEU', '392_GLN')",0.0,0.0,0.0,1.779656,2.615888,1.963998,2.2731470000000003,1.656222,0.00029239485855536934
