,residue,frequency,blosum80_score,Wootten,Name,domains
3,P,0.9861111111111112,-10,-,P51,N-ter
12,G,0.9836065573770492,-10,-,G112,N-ter
2,S,0.9722222222222222,-10,-,S48,N-ter
10,G,0.9672131147540983,-10,-,G109,N-ter
25,L,0.9615384615384616,-10,5.45,L313,TM5
11,P,0.9508196721311475,-10,-,P110,N-ter
14,Q,0.9230769230769231,-10,1.29,Q131,TM1
33,F,0.9871794871794872,-4,7.4,F383,TM7
31,F,0.9743589743589743,-4,6.58,F367,TM6
8,D,0.9733333333333334,-4,-,D70,N-ter
23,N,0.9102564102564102,-4,-,N300,ECL2
5,R,0.9866666666666667,-3,-,R60,N-ter
37,W,0.9605263157894737,-3,8.61,W418,H8
38,G,0.9315068493150684,-3,8.64,G421,H8
24,M,1.0,-2,-,M301,ECL2
7,P,0.9866666666666667,-2,-,P69,N-ter
9,H,0.9466666666666667,-2,-,H93,N-ter
13,Q,0.9344262295081968,-2,-,Q113,N-ter
15,Y,0.9066666666666666,-2,1.36,Y138,TM1
21,M,0.9871794871794872,-1,3.36,M231,TM3
27,A,1.0,0,5.67,A335,TM5
4,V,0.9866666666666667,0,-,V57,N-ter
1,N,0.9861111111111112,0,-,N46,N-ter
26,A,0.9743589743589743,0,5.46,A314,TM5
0,A,0.9577464788732394,0,-,A26,N-ter
18,H,0.948051948051948,0,12.51,H170,ICL1
29,F,0.9230769230769231,0,6.36,F345,TM6
16,A,0.9210526315789473,0,1.53,A155,TM1
35,L,1.0,1,7.43,L386,TM7
19,S,0.987012987012987,1,2.63,S190,TM2
36,A,0.9868421052631579,1,7.54,A397,TM7
34,D,0.9487179487179487,1,7.42,D385,TM7
6,T,0.9466666666666667,1,-,T61,N-ter
32,D,0.9358974358974359,1,6.61,D370,TM6
22,I,0.9230769230769231,1,4.48,I270,TM4
28,K,1.0,2,6.35,K344,TM6
17,K,0.9090909090909091,2,12.49,K168,ICL1
20,V,0.9615384615384616,3,3.34,V229,TM3
30,I,0.9615384615384616,3,6.46,I355,TM6
