,residue,frequency,blosum80_score,Wootten,Name,domains
0,L,0.9436619718309859,-10,-,L15,N-ter
1,A,0.9577464788732394,0,-,A26,N-ter
2,N,0.9861111111111112,1,-,N46,N-ter
3,S,0.9722222222222222,-3,-,S48,N-ter
4,P,0.9861111111111112,-10,-,P51,N-ter
5,L,0.9466666666666667,1,-,L56,N-ter
6,V,0.9866666666666667,-10,-,V57,N-ter
7,R,0.9866666666666667,-3,-,R60,N-ter
8,D,0.9733333333333334,-2,-,D70,N-ter
9,N,1.0,-1,-,N74,N-ter
10,T,0.9733333333333334,0,-,T76,N-ter
11,W,0.972972972972973,-4,-,W83,N-ter
12,V,0.9866666666666667,-3,-,V91,N-ter
13,H,0.9466666666666667,-1,-,H93,N-ter
14,V,0.9733333333333334,0,-,V96,N-ter
15,Q,0.9333333333333333,-1,-,Q105,N-ter
16,P,0.9508196721311475,-2,-,P110,N-ter
17,G,0.9836065573770492,-2,-,G112,N-ter
18,Q,0.9344262295081968,-1,-,Q113,N-ter
19,Y,0.9066666666666666,-2,1.36,Y138,TM1
20,M,0.9342105263157895,-10,1.42,M144,TM1
21,A,0.9210526315789473,1,1.53,A155,TM1
22,S,0.987012987012987,1,2.63,S190,TM2
23,L,0.961038961038961,1,2.7,L197,TM2
24,L,0.9090909090909091,-10,2.71,L198,TM2
25,M,0.9871794871794872,2,3.36,M231,TM3
26,Q,0.9743589743589743,1,3.37,Q232,TM3
27,F,0.9358974358974359,0,4.42,F264,TM4
28,L,0.9743589743589743,-10,4.46,L268,TM4
29,I,0.9230769230769231,-10,4.48,I270,TM4
30,G,1.0,-10,4.51,G273,TM4
31,M,1.0,-10,-,M301,ECL2
32,A,0.9743589743589743,-1,5.46,A314,TM5
33,I,1.0,3,5.49,I317,TM5
34,R,0.9102564102564102,2,5.66,R334,TM5
35,F,0.9230769230769231,3,6.36,F345,TM6
36,T,0.9871794871794872,0,6.44,T353,TM6
37,V,0.9102564102564102,3,6.54,V363,TM6
38,E,0.9871794871794872,1,-,E371,ECL3
39,L,0.9871794871794872,-3,7.34,L377,TM7
40,K,0.9743589743589743,2,7.38,K381,TM7
41,D,0.9487179487179487,-1,7.42,D385,TM7
42,F,0.9743589743589743,-2,7.44,F387,TM7
43,Q,0.9871794871794872,1,7.49,Q392,TM7
44,L,0.9868421052631579,-3,7.56,L399,TM7
45,K,0.9736842105263158,-2,8.48,K405,H8
46,Q,0.935064935064935,1,8.51,Q408,H8
47,W,0.9605263157894737,0,8.61,W418,H8
