,GLP2R,GLP2R_index,GLP2R_frequency,GLP1R,GLP1R_index,GLP1R_frequency,GLR,GLR_index,GLR_frequency,GIPR,GIPR_index,GIPR_frequency,residue,frequency,status
78,G,66.0,0.9240506329113924,T,29.0,0.6212121212121212,A,26.0,0.9577464788732394,G,29.0,0.8148148148148148,-,0.0,NC
98,D,86.0,0.5243902439024389,S,49.0,0.0,N,46.0,0.9861111111111112,T,49.0,0.6909090909090909,-,0.0,NC
100,L,88.0,0.5185185185185185,T,51.0,0.5428571428571428,S,48.0,0.9722222222222222,A,51.0,0.0,-,0.0,NC
110,F,95.0,0.0,F,61.0,0.9710144927536232,V,57.0,0.9866666666666668,A,60.0,0.7272727272727273,-,0.0,NC
146,S,130.0,0.5287356321839081,Q,97.0,0.6621621621621622,H,93.0,0.9466666666666668,A,96.0,0.5357142857142857,-,0.0,NC
164,N,148.0,1.0,N,115.0,0.9864864864864864,P,110.0,0.9508196721311476,-,,0.0,N,0.7094017094017094,NC
166,T,150.0,0.8505747126436781,S,117.0,0.6216216216216216,G,112.0,0.9836065573770492,-,,0.0,-,0.0,NC
167,D,151.0,0.7325581395348837,L,118.0,0.8243243243243243,Q,113.0,0.9344262295081968,-,,0.0,-,0.0,NC
192,L,175.0,0.8202247191011236,L,141.0,0.9452054794520548,Y,138.0,0.9066666666666666,L,134.0,1.0,L,0.6938775510204082,NC
399,Y,381.0,0.9325842696629212,C,347.0,0.9866666666666668,F,345.0,0.9230769230769232,L,337.0,0.7931034482758621,-,0.0,NC
439,Q,421.0,0.8539325842696629,E,387.0,0.9733333333333334,D,385.0,0.9487179487179488,E,377.0,0.9655172413793104,-,0.0,NC
