,residue,frequency,blosum80_score,Wootten,Name,domains
0,A,0.9577464788732394,0,-,A26,N-ter
1,N,0.9861111111111112,-10,-,N46,N-ter
2,S,0.9722222222222222,1,-,S48,N-ter
3,V,0.9866666666666667,-1,-,V57,N-ter
4,N,1.0,-1,-,N74,N-ter
5,T,0.9733333333333334,-2,-,T76,N-ter
6,H,0.9466666666666667,1,-,H93,N-ter
7,Q,0.9333333333333333,-3,-,Q105,N-ter
8,G,0.9672131147540983,-2,-,G109,N-ter
9,P,0.9508196721311475,-2,-,P110,N-ter
10,G,0.9836065573770492,-1,-,G112,N-ter
11,Q,0.9344262295081968,0,-,Q113,N-ter
12,Q,0.9090909090909091,1,1.29,Q131,TM1
13,Y,0.9066666666666666,-2,1.36,Y138,TM1
14,M,0.9342105263157895,1,1.42,M144,TM1
15,S,0.922077922077922,1,1.48,S150,TM1
16,L,0.987012987012987,0,1.51,L153,TM1
17,L,0.9868421052631579,1,1.56,L158,TM1
18,L,0.9605263157894737,-3,1.58,L160,TM1
19,K,0.9090909090909091,-1,12.49,K168,ICL1
20,L,0.987012987012987,0,2.65,L192,TM2
21,L,0.961038961038961,1,2.7,L197,TM2
22,A,0.9743589743589743,0,3.32,A227,TM3
23,V,0.9615384615384616,1,3.34,V229,TM3
24,H,0.9230769230769231,2,3.55,H250,TM3
25,N,0.9871794871794872,1,-,N291,ECL2
26,W,1.0,-2,5.37,W305,TM5
27,L,0.9615384615384616,0,5.45,L313,TM5
28,I,1.0,3,5.49,I317,TM5
29,L,1.0,1,5.61,L329,TM5
30,R,0.9102564102564102,2,5.66,R334,TM5
31,Q,0.9615384615384616,-3,-,Q337,ICL3
32,Y,0.9615384615384616,-2,6.34,Y343,TM6
33,F,0.9230769230769231,-3,6.36,F345,TM6
34,T,0.9230769230769231,-1,6.6,T369,TM6
35,D,0.9487179487179487,1,7.42,D385,TM7
36,F,0.9743589743589743,-3,7.44,F387,TM7
37,L,0.9868421052631579,2,7.52,L395,TM7
38,K,0.9736842105263158,0,8.48,K405,H8
39,G,0.9444444444444444,-10,8.64,G421,H8
