,GLP2R,GLP2R_index,GLP2R_frequency,GLP1R,GLP1R_index,GLP1R_frequency,GLR,GLR_index,GLR_frequency,GIPR,GIPR_index,GIPR_frequency,residue,frequency,status
80,L,68.0,0.8481012658227848,S,31.0,1.0,V,28.0,0.6111111111111112,T,31.0,0.9444444444444444,-,0.0,NC
94,A,82.0,0.0,Q,45.0,0.9571428571428572,Q,42.0,0.5555555555555556,E,45.0,0.9272727272727272,-,0.0,NC
117,Q,102.0,0.5714285714285714,E,68.0,0.0,K,64.0,0.8266666666666667,M,67.0,0.9444444444444444,-,0.0,NC
172,D,156.0,0.0,L,123.0,0.945945945945946,A,118.0,0.8266666666666667,H,115.0,0.9821428571428572,-,0.0,NC
188,R,171.0,0.0,-,,0.0,V,134.0,0.5522388059701493,Q,130.0,0.9107142857142856,-,0.0,NC
245,V,228.0,0.9204545454545454,V,194.0,0.9452054794520548,V,191.0,0.8701298701298701,I,187.0,0.9482758620689656,V,0.7364864864864865,NC
248,K,231.0,0.9886363636363636,K,197.0,0.8904109589041096,I,194.0,0.7272727272727273,R,190.0,1.0,K,0.5641891891891891,NC
308,E,290.0,0.0,A,256.0,0.6216216216216216,G,254.0,0.0,V,246.0,0.913793103448276,-,0.0,NC
350,T,332.0,0.0,T,298.0,0.8378378378378378,T,296.0,0.6025641025641025,E,288.0,0.9827586206896552,-,0.0,NC
424,D,406.0,0.9887640449438202,D,372.0,0.9866666666666668,D,370.0,0.935897435897436,E,362.0,0.9655172413793104,D,0.7833333333333333,NC
580,E,552.0,0.8648648648648649,S,461.0,0.6388888888888888,P,476.0,0.5362318840579711,Y,465.0,0.9056603773584906,-,0.0,NC
