,residue,frequency,blosum80_score,Wootten,Name,domains
0,L,0.9534883720930233,-10,-,L10,N-ter
1,L,0.9767441860465116,-10,-,L11,N-ter
2,L,0.9411764705882353,-10,-,L13,N-ter
3,T,0.9629629629629629,-2,-,T31,N-ter
4,E,0.9272727272727272,-10,-,E45,N-ter
5,L,0.9090909090909091,1,-,L59,N-ter
6,M,0.9444444444444444,0,-,M67,N-ter
7,Y,1.0,-10,-,Y68,N-ter
8,N,1.0,-1,-,N77,N-ter
9,T,1.0,0,-,T79,N-ter
10,W,0.9464285714285714,-4,-,W86,N-ter
11,V,0.9818181818181818,-3,-,V94,N-ter
12,V,1.0,0,-,V99,N-ter
13,G,0.9649122807017544,-4,-,G104,N-ter
14,D,0.9298245614035088,-10,-,D106,N-ter
15,R,0.9821428571428571,1,-,R113,N-ter
16,H,0.9821428571428571,-10,-,H115,N-ter
17,Q,1.0,2,-,Q117,N-ter
18,Q,0.9122807017543859,-10,1.32,Q130,TM1
19,F,0.9122807017543859,0,1.64,F162,TM1
20,I,0.9482758620689655,3,2.64,I187,TM2
21,R,1.0,2,2.67,R190,TM2
22,L,0.9655172413793104,1,2.7,L193,TM2
23,L,1.0,-10,2.71,L194,TM2
24,Q,1.0,1,3.37,Q224,TM3
25,C,0.9818181818181818,-3,3.39,C226,TM3
26,V,0.9137931034482759,-10,3.59,V246,TM3
27,G,0.9649122807017544,-10,4.51,G265,TM4
28,V,0.9107142857142857,-10,4.63,V277,TM4
29,L,0.9642857142857143,-10,4.66,L280,TM4
30,E,0.9827586206896551,-10,45.52,E288,ECL2
31,I,0.9824561403508771,1,5.43,I303,TM5
32,I,0.9473684210526315,3,5.47,I307,TM5
33,L,0.9649122807017544,-10,5.48,L308,TM5
34,R,0.9824561403508771,2,5.56,R316,TM5
35,I,0.9298245614035088,1,5.6,I320,TM5
36,R,1.0,-4,-,R331,ICL3
37,T,1.0,0,6.44,T345,TM6
38,V,0.9655172413793104,-10,6.55,V356,TM6
39,A,0.9137931034482759,1,6.57,A358,TM6
40,E,0.9655172413793104,1,6.61,E362,TM6
41,E,0.9827586206896551,1,-,E363,ECL3
42,L,0.9655172413793104,-3,7.34,L369,TM7
43,F,0.9137931034482759,-1,7.41,F376,TM7
44,E,0.9655172413793104,2,7.42,E377,TM7
45,F,0.9482758620689655,-2,7.44,F379,TM7
46,Q,1.0,1,7.49,Q384,TM7
47,L,0.9649122807017544,-3,7.56,L391,TM7
48,K,0.9824561403508771,-2,8.48,K397,H8
49,Q,0.9298245614035088,1,8.51,Q400,H8
50,S,0.9807692307692307,0,-,S464,C-ter
51,Y,0.9230769230769231,-2,-,Y465,C-ter
52,C,1.0,-5,-,C466,C-ter
