,residue,frequency,blosum80_score,Wootten,Name,domains
0,L,0.94,-3,-,L10,N-ter
1,T,0.9629629629629629,1,-,T31,N-ter
2,E,0.9272727272727272,2,-,E45,N-ter
3,M,0.9444444444444444,-10,-,M67,N-ter
4,N,1.0,-1,-,N77,N-ter
5,T,1.0,-2,-,T79,N-ter
6,G,0.9649122807017544,-2,-,G104,N-ter
7,D,0.9298245614035088,1,-,D106,N-ter
8,D,0.9642857142857143,-10,-,D114,N-ter
9,H,0.9821428571428571,-3,-,H115,N-ter
10,Q,1.0,2,-,Q117,N-ter
11,Q,0.9122807017543859,-2,1.32,Q130,TM1
12,S,0.9482758620689655,1,1.48,S146,TM1
13,L,0.9482758620689655,0,1.51,L149,TM1
14,L,0.9310344827586207,-3,1.58,L156,TM1
15,I,0.9482758620689655,3,2.64,I187,TM2
16,L,1.0,0,2.65,L188,TM2
17,R,1.0,2,2.67,R190,TM2
18,L,0.9655172413793104,1,2.7,L193,TM2
19,A,0.9649122807017544,0,3.32,A219,TM3
20,Q,1.0,-4,3.33,Q220,TM3
21,G,0.9107142857142857,0,3.41,G228,TM3
22,H,0.9310344827586207,2,3.55,H242,TM3
23,V,0.9137931034482759,0,3.59,V246,TM3
24,R,1.0,2,4.64,R278,TM4
25,N,0.9649122807017544,1,-,N283,ECL2
26,E,0.9827586206896551,-1,45.52,E288,ECL2
27,W,1.0,-2,5.37,W297,TM5
28,L,0.9649122807017544,-4,5.48,L308,TM5
29,I,1.0,3,5.57,I317,TM5
30,L,1.0,1,5.61,L321,TM5
31,Q,0.9655172413793104,-3,-,Q329,ICL3
32,R,1.0,-4,-,R331,ICL3
33,Y,0.9482758620689655,-2,6.34,Y335,TM6
34,V,0.9655172413793104,3,6.55,V356,TM6
35,E,0.9655172413793104,1,6.61,E362,TM6
36,Q,0.9310344827586207,1,-,Q364,ECL3
37,F,0.9137931034482759,-2,7.41,F376,TM7
38,F,0.9482758620689655,-3,7.44,F379,TM7
39,L,0.9285714285714286,2,7.52,L387,TM7
40,K,0.9824561403508771,0,8.48,K397,H8
41,L,0.9024390243902439,-10,-,L431,C-ter
42,E,0.9433962264150944,2,-,E463,C-ter
43,S,0.9622641509433962,1,-,S464,C-ter
44,Y,0.9056603773584906,-2,-,Y465,C-ter
