,residue,frequency,blosum80_score,Wootten,Name,domains
15,Q,1.0,-10,3.33,Q220,TM3
19,V,0.9137931034482759,-10,3.59,V246,TM3
10,F,0.9122807017543859,-10,1.64,F162,TM1
16,C,0.9818181818181818,-4,3.39,C226,TM3
29,Y,0.9230769230769231,-4,-,Y465,C-ter
18,G,0.9107142857142857,-4,3.41,G228,TM3
4,G,1.0,-3,-,G97,N-ter
14,R,1.0,-3,2.67,R190,TM2
30,C,1.0,-3,-,C466,C-ter
2,G,0.9636363636363636,-3,-,G58,N-ter
8,Q,0.9122807017543859,-3,1.32,Q130,TM1
9,L,1.0,-2,1.36,L134,TM1
7,H,0.9821428571428571,-2,-,H115,N-ter
3,M,0.9444444444444444,-2,-,M67,N-ter
11,R,0.9827586206896551,-1,12.48,R163,ICL1
21,E,0.9827586206896551,-1,45.52,E288,ECL2
24,L,1.0,0,5.44,L304,TM5
0,T,0.9629629629629629,0,-,T31,N-ter
22,I,0.9824561403508771,1,5.39,I299,TM5
26,E,0.9655172413793104,1,6.61,E362,TM6
28,E,0.9655172413793104,1,7.42,E377,TM7
6,D,0.9642857142857143,1,-,D114,N-ter
27,Q,0.9310344827586207,1,-,Q364,ECL3
25,S,0.9122807017543859,1,5.63,S323,TM5
12,R,1.0,2,2.6,R183,TM2
20,R,1.0,2,4.64,R278,TM4
5,R,0.9649122807017544,2,-,R101,N-ter
1,E,0.9272727272727272,2,-,E45,N-ter
23,I,0.9824561403508771,3,5.43,I303,TM5
17,V,0.9818181818181818,3,3.4,V227,TM3
13,I,0.9482758620689655,3,2.64,I187,TM2
