,residue,frequency,blosum80_score,Wootten,Name,domains
0,M,0.9375,-10,-,M1,N-ter
1,S,0.9382716049382716,0,-,S67,N-ter
2,L,0.975,-2,-,L69,N-ter
3,T,0.9047619047619048,1,-,T99,N-ter
4,P,1.0,-2,-,P107,N-ter
5,S,1.0,1,-,S109,N-ter
6,G,1.0,-1,-,G112,N-ter
7,V,0.9642857142857143,0,-,V114,N-ter
8,S,1.0,-1,-,S115,N-ter
9,V,0.9642857142857143,0,-,V116,N-ter
10,P,0.9761904761904762,-1,-,P117,N-ter
11,Y,0.9195402298850575,-2,-,Y134,N-ter
12,L,0.9080459770114943,-4,-,L138,N-ter
13,N,1.0,-10,-,N148,N-ter
14,E,0.9885057471264368,2,-,E158,N-ter
15,S,0.9325842696629213,1,1.53,S192,TM1
16,L,0.9438202247191011,0,1.64,L203,TM1
17,K,0.9659090909090909,2,12.49,K205,ICL1
18,H,1.0,0,12.51,H207,ICL1
19,M,0.9659090909090909,1,2.51,M215,TM2
20,I,0.9204545454545454,1,2.58,I222,TM2
21,V,0.9204545454545454,3,2.64,V228,TM2
22,K,0.9886363636363636,2,2.67,K231,TM2
23,Y,0.9772727272727273,-4,-,Y239,ECL1
24,S,0.9090909090909091,-1,-,S240,ECL1
25,P,0.9885057471264368,-10,-,P243,ECL1
26,W,1.0,-3,-,W249,ECL1
27,Y,0.9318181818181818,-10,-,Y252,ECL1
28,V,0.9318181818181818,-4,-,V293,ICL2
29,L,0.9318181818181818,-4,-,L294,ICL2
30,L,0.9772727272727273,-3,4.41,L299,TM4
31,G,0.9195402298850575,-2,-,G329,ECL2
32,G,0.9540229885057471,-2,5.41,G345,TM5
33,V,0.9438202247191011,3,5.49,V353,TM5
34,K,0.9775280898876404,2,5.56,K360,TM5
35,K,0.9662921348314607,2,5.66,K370,TM5
36,A,1.0,0,5.67,A371,TM5
37,F,0.9550561797752809,-3,-,F376,ICL3
38,Y,0.9325842696629213,-2,6.36,Y381,TM6
39,I,0.9887640449438202,3,6.46,I391,TM6
40,D,0.9887640449438202,1,6.61,D406,TM6
41,R,0.9550561797752809,2,7.38,R417,TM7
42,F,0.9550561797752809,-4,7.4,F419,TM7
43,L,1.0,1,7.43,L422,TM7
44,T,0.9325842696629213,-2,7.44,T423,TM7
45,A,0.9655172413793104,1,7.54,A433,TM7
46,G,0.9195402298850575,-2,8.48,G441,H8
47,L,0.9885057471264368,1,8.54,L447,H8
48,K,0.9540229885057471,2,8.56,K449,H8
49,F,0.9534883720930233,-3,8.61,F454,H8
50,L,0.9534883720930233,-3,8.62,L455,H8
51,L,0.9195402298850575,-3,-,L474,C-ter
52,K,0.9545454545454546,2,-,K476,C-ter
53,R,0.9324324324324325,-10,-,R526,C-ter
54,G,0.9565217391304348,-10,-,G527,C-ter
55,S,0.9733333333333334,-10,-,S529,C-ter
56,S,0.9866666666666667,1,-,S534,C-ter
57,G,0.9733333333333334,-10,-,G536,C-ter
58,T,0.9866666666666667,-2,-,T539,C-ter
59,T,0.9866666666666667,-1,-,T543,C-ter
60,E,0.9594594594594594,0,-,E545,C-ter
61,E,0.9864864864864865,-1,-,E546,C-ter
62,E,0.9333333333333333,0,-,E550,C-ter
63,S,0.9466666666666667,-2,-,S551,C-ter
