,residue,frequency,blosum80_score,Wootten,Name,domains
0,G,0.9113924050632911,-2,-,G66,N-ter
1,S,0.9259259259259259,-2,-,S67,N-ter
2,G,1.0,-3,-,G98,N-ter
3,S,1.0,-1,-,S109,N-ter
4,S,1.0,0,-,S115,N-ter
5,P,0.9761904761904762,-1,-,P117,N-ter
6,L,0.9080459770114943,-2,-,L138,N-ter
7,D,0.9195402298850575,-10,-,D155,N-ter
8,S,0.9325842696629213,1,1.53,S192,TM1
9,L,0.9775280898876404,1,1.56,L195,TM1
10,L,0.9550561797752809,0,1.64,L203,TM1
11,K,0.9659090909090909,-1,12.49,K205,ICL1
12,M,0.9659090909090909,2,2.51,M215,TM2
13,A,0.9204545454545454,1,2.63,A227,TM2
14,P,0.9885057471264368,-1,-,P243,ECL1
15,Y,0.9318181818181818,-2,-,Y252,ECL1
16,L,0.9318181818181818,0,-,L294,ICL2
17,L,0.9772727272727273,1,4.41,L299,TM4
18,N,0.9310344827586207,1,-,N327,ECL2
19,W,0.9885057471264368,-2,5.37,W341,TM5
20,G,0.9540229885057471,-4,5.41,G345,TM5
21,K,0.9775280898876404,2,5.56,K360,TM5
22,I,0.9662921348314607,3,5.57,I361,TM5
23,L,0.9887640449438202,1,5.61,L365,TM5
24,Q,0.9887640449438202,-3,-,Q373,ICL3
25,F,0.9550561797752809,-4,-,F376,ICL3
26,Y,0.9775280898876404,-2,6.34,Y379,TM6
27,Y,0.9325842696629213,-3,6.36,Y381,TM6
28,R,0.9550561797752809,2,7.38,R417,TM7
29,T,0.9325842696629213,1,7.44,T423,TM7
30,S,0.9101123595505618,1,7.46,S425,TM7
31,G,0.9195402298850575,-1,8.48,G441,H8
32,L,0.9885057471264368,0,8.54,L447,H8
33,F,0.9534883720930233,0,8.61,F454,H8
34,L,0.9534883720930233,-3,8.62,L455,H8
35,R,0.9324324324324325,-10,-,R526,C-ter
36,G,0.9565217391304348,-10,-,G527,C-ter
37,S,0.9866666666666667,-1,-,S534,C-ter
38,T,0.9866666666666667,0,-,T539,C-ter
39,E,0.9594594594594594,-10,-,E545,C-ter
40,E,0.9864864864864865,-10,-,E546,C-ter
41,E,0.9733333333333334,-10,-,E549,C-ter
42,E,0.9333333333333333,2,-,E550,C-ter
43,S,0.9466666666666667,1,-,S551,C-ter
