,residue,frequency,blosum80_score,Wootten,Name,domains
0,V,0.9113924050632911,0,-,V18,N-ter
1,P,0.975,-1,-,P23,N-ter
2,L,0.9620253164556962,-10,-,L29,N-ter
3,E,0.9367088607594937,-10,-,E30,N-ter
4,L,0.9620253164556962,1,-,L42,N-ter
5,T,0.9529411764705882,-10,-,T70,N-ter
6,T,1.0,-2,-,T72,N-ter
7,P,0.9418604651162791,-1,-,P74,N-ter
8,N,0.9540229885057471,-4,-,N88,N-ter
9,I,0.9540229885057471,3,-,I89,N-ter
10,K,0.9534883720930233,1,1.32,K119,TM1
11,F,0.9883720930232558,3,1.35,F122,TM1
12,L,0.9310344827586207,1,1.45,L132,TM1
13,G,0.9883720930232558,0,1.57,G144,TM1
14,S,0.9651162790697675,-2,1.58,S145,TM1
15,L,0.9195402298850575,-3,1.63,L150,TM1
16,Y,0.9655172413793104,3,2.48,Y160,TM2
17,L,1.0,2,2.51,L163,TM2
18,I,0.9310344827586207,1,2.58,I170,TM2
19,L,0.9655172413793104,0,2.65,L177,TM2
20,V,0.9425287356321839,3,2.66,V178,TM2
21,S,0.9080459770114943,1,-,S185,ECL1
22,T,0.9459459459459459,1,-,T189,ECL1
23,G,0.9425287356321839,-3,3.28,G201,TM3
24,L,1.0,2,3.33,L206,TM3
25,Q,0.9651162790697675,1,3.37,Q210,TM3
26,M,0.9425287356321839,1,3.41,M214,TM3
27,A,0.9885057471264368,1,3.42,A215,TM3
28,F,0.9655172413793104,3,3.44,F217,TM3
29,L,1.0,0,3.48,L221,TM3
30,V,0.9767441860465116,3,3.49,V222,TM3
31,H,0.9418604651162791,-2,3.55,H228,TM3
32,L,0.9310344827586207,0,4.67,L266,TM4
33,E,0.9418604651162791,1,4.68,E267,TM4
34,P,0.9882352941176471,-3,5.35,P280,TM5
35,I,0.9764705882352941,3,5.43,I288,TM5
36,S,0.9069767441860465,-1,5.56,S301,TM5
37,R,0.9883720930232558,-3,5.59,R304,TM5
38,V,0.9069767441860465,1,-,V315,ICL3
39,D,0.9647058823529412,1,6.31,D319,TM6
40,Q,0.9529411764705882,0,6.32,Q320,TM6
41,Q,1.0,-3,6.34,Q322,TM6
42,K,0.9885057471264368,2,6.4,K328,TM6
43,Y,0.9651162790697675,-3,7.37,Y355,TM7
44,I,0.9418604651162791,1,7.39,I357,TM7
45,L,0.9761904761904762,0,7.51,L369,TM7
46,L,0.9659090909090909,1,8.54,L386,H8
47,C,0.9310344827586207,-4,8.62,C394,H8
48,S,0.9545454545454546,1,-,S411,C-ter
49,R,0.9659090909090909,-1,-,R412,C-ter
50,S,0.9545454545454546,-2,-,S415,C-ter
51,E,0.9540229885057471,-1,-,E416,C-ter
52,R,0.9540229885057471,-3,-,R423,C-ter
53,R,0.9195402298850575,2,-,R426,C-ter
54,Q,0.9540229885057471,1,-,Q432,C-ter
55,E,0.9767441860465116,0,-,E434,C-ter
56,T,0.9767441860465116,-10,-,T435,C-ter
