,residue,frequency,blosum80_score,Wootten,Name,domains
0,V,0.9113924050632911,0,-,V18,N-ter
1,H,0.9375,-10,-,H22,N-ter
2,P,0.9625,-10,-,P23,N-ter
3,L,0.95,-3,-,L29,N-ter
4,E,0.925,-10,-,E30,N-ter
5,L,0.9620253164556962,-2,-,L42,N-ter
6,G,0.9767441860465116,-10,-,G54,N-ter
7,I,0.9069767441860465,-10,-,I59,N-ter
8,A,0.9764705882352941,0,-,A65,N-ter
9,E,0.9647058823529412,2,-,E69,N-ter
10,T,0.9529411764705882,0,-,T70,N-ter
11,T,1.0,0,-,T72,N-ter
12,P,0.9418604651162791,-10,-,P74,N-ter
13,G,1.0,-10,-,G87,N-ter
14,I,0.9540229885057471,3,-,I89,N-ter
15,N,0.9540229885057471,-10,-,N92,N-ter
16,S,0.9651162790697675,1,-,S99,N-ter
17,F,0.9651162790697675,-4,-,F102,N-ter
18,K,0.9540229885057471,1,1.32,K119,TM1
19,L,0.9310344827586207,1,1.45,L132,TM1
20,T,0.9651162790697675,-10,1.56,T143,TM1
21,G,0.9883720930232558,0,1.57,G144,TM1
22,S,0.9651162790697675,-10,1.58,S145,TM1
23,C,0.9770114942528736,-2,1.62,C149,TM1
24,L,1.0,2,2.51,L163,TM2
25,N,1.0,0,2.52,N164,TM2
26,L,0.9655172413793104,0,2.65,L177,TM2
27,V,0.9425287356321839,3,2.66,V178,TM2
28,S,0.9080459770114943,-10,-,S185,ECL1
29,T,0.9459459459459459,1,-,T189,ECL1
30,S,0.9886363636363636,-1,-,S198,ECL1
31,L,1.0,2,3.33,L206,TM3
32,R,0.9302325581395349,2,4.4,R239,TM4
33,L,0.9310344827586207,0,4.67,L266,TM4
34,T,0.9529411764705882,-10,-,T269,ECL2
35,N,0.9523809523809523,-4,-,N275,ECL2
36,P,0.9882352941176471,-10,5.35,P280,TM5
37,V,0.9285714285714286,3,5.38,V283,TM5
38,S,0.9069767441860465,-2,5.56,S301,TM5
39,G,1.0,-2,-,G317,ICL3
40,D,0.9647058823529412,-10,6.31,D319,TM6
41,Q,0.9529411764705882,0,6.32,Q320,TM6
42,Q,1.0,-2,6.34,Q322,TM6
43,V,0.9540229885057471,1,6.55,V343,TM6
44,Y,0.9651162790697675,-2,7.37,Y355,TM7
45,I,0.9418604651162791,-10,7.39,I357,TM7
46,L,0.9761904761904762,0,7.51,L369,TM7
47,C,0.9310344827586207,-4,8.62,C394,H8
48,S,0.9545454545454546,-1,-,S411,C-ter
49,R,0.9659090909090909,-1,-,R412,C-ter
50,S,0.9545454545454546,-10,-,S415,C-ter
51,E,0.9540229885057471,-1,-,E416,C-ter
52,R,0.9540229885057471,-2,-,R423,C-ter
53,S,0.9885057471264368,-10,-,S425,C-ter
54,T,0.9767441860465116,-10,-,T435,C-ter
