,residue,frequency,ghrhr_score,pacr_score,sctr_score,vipr1_score,Wootten,name,domain
0,V,0.9240506329113924,1,0,-10,0,-,V18,N-ter
1,L,0.95,-2,-10,-10,-3,-,L29,N-ter
2,E,0.925,2,-10,-3,-10,-,E30,N-ter
3,T,1.0,-10,-2,-10,0,-,T72,N-ter
4,I,0.9540229885057472,3,3,-10,3,-,I89,N-ter
5,K,0.942528735632184,1,1,2,1,1.32,K119,TM1
6,L,0.9310344827586208,-10,1,1,1,1.45,L132,TM1
7,G,0.9883720930232558,0,0,0,0,1.57,G144,TM1
8,S,0.9651162790697676,-3,-2,-3,-10,1.58,S145,TM1
9,L,1.0,-2,2,2,2,2.51,L163,TM2
10,L,0.9655172413793104,0,0,0,0,2.65,L177,TM2
11,V,0.942528735632184,1,3,3,3,2.66,V178,TM2
12,L,1.0,1,2,2,2,3.33,L206,TM3
13,P,0.9882352941176472,-4,-3,-4,-10,5.35,P280,TM5
14,S,0.9069767441860463,0,-1,0,-2,5.56,S301,TM5
15,D,0.9647058823529412,-10,1,1,-10,6.31,D319,TM6
16,Q,0.9529411764705882,-10,0,-10,0,6.32,Q320,TM6
17,Y,0.9651162790697676,-2,-3,-2,-2,7.37,Y355,TM7
18,I,0.9418604651162792,1,1,1,-10,7.39,I357,TM7
19,C,0.9318181818181818,-4,-4,-4,-4,8.62,C394,H8
20,R,0.9659090909090908,-10,-1,-1,-1,-,R412,C-ter
21,E,0.9540229885057472,1,-1,-3,-1,-,E416,C-ter
22,R,0.9540229885057472,-10,-3,-10,-2,-,R423,C-ter
23,T,0.9767441860465116,-10,-10,-10,-10,-,T435,C-ter
