chain_1,residue_1,chain_2,residue_2,RRCS
R,Y191,R,N233,5.355642
R,Y191,R,M237,2.688739
R,Y191,R,P350,0.455692
R,Y191,R,L351,0.052297
R,Y191,R,Q383,2.3178959999999997
R,Y191,R,G384,0.743146
R,Y191,R,V387,3.452489
R,L222,R,F225,0.002435
R,M229,R,C232,0.265729
R,F285,R,D287,3.65392
R,F285,R,T295,0.758184
R,F285,R,L297,0.536289
R,V293,R,L298,3.076451
R,M337,R,Y338,2.5653330000000003
R,Q355,R,F356,4.773846
R,Q355,R,M376,0.69745
R,Q355,R,L379,0.6187560000000001
R,Q355,R,I380,0.048254000000000005
R,Q355,R,Q383,4.357225
R,Q405,R,Q408,1.7645
B,D312,R,Q405,0.26743
P,C1,R,V293,2.790864
P,S2,R,V293,0.29771
P,C7,R,V293,0.586858
P,G10,R,V293,4.1487169999999995
P,K11,R,V293,0.972619
P,Q14,R,V293,3.122144
