chain_1,residue_1,chain_2,residue_2,RRCS
P,T4,R,C299,0.73159
P,T6,R,C299,0.610688
P,A13,R,A199,1.09868
P,A13,R,I284,1.034124
P,G14,R,I284,0.7348140000000001
P,L16,R,A199,1.314936
P,S17,R,A199,2.841792
P,S17,R,I284,0.083121
P,F37,R,T122,5.9736199999999995
R,T37,R,I41,0.683341
R,T37,R,Y91,1.6122
R,T37,R,F92,0.093818
R,N39,E,I63,2.476991
R,N39,E,R67,2.698196
R,T43,R,E47,0.477021
R,T43,E,W59,3.956579
R,T43,E,I63,0.085162
R,T43,E,R109,0.6887979999999999
R,T43,E,A110,1.23204
R,M53,R,Q54,1.465588
R,M53,E,L94,1.513101
R,M53,E,H97,2.482368
R,M53,E,G98,1.358954
R,M53,E,F101,0.582174
R,M53,E,R102,1.835296
R,S84,R,V101,1.111657
R,S84,R,T102,3.819235
R,S84,R,K103,6.146397
R,S98,R,K134,0.744679
R,I104,R,N110,0.35046900000000003
R,I104,R,W111,5.383609
R,I104,R,F112,5.6017730000000014
R,T122,R,Y124,3.268926
R,T137,R,L141,0.418474
R,T137,R,Y367,1.019559
R,G150,R,I192,0.323947
R,F182,R,C186,1.7710240000000002
R,F182,R,W260,1.936342
R,A199,R,I284,0.115347
R,L222,R,C225,0.25556
R,I265,R,P266,1.002614
R,S275,R,L276,0.600386
R,S275,R,W283,1.629569
R,Y278,R,D280,2.78667
R,Y278,R,S285,4.771501
R,Y278,R,D287,1.380536
R,Y278,R,T288,3.4996910000000003
R,Y278,R,L290,0.470564
R,L306,R,L310,0.6644180000000001
R,L306,R,I347,0.560616
R,L306,R,V350,0.250576
E,V111,R,Y278,5.3784730000000005
E,R112,R,Y278,2.174983
E,D113,R,Y278,3.108004
