chain_1,residue_1,chain_2,residue_2,RRCS
E,T137,R,Y278,4.909929
E,F138,R,Y278,6.2983699999999985
E,S139,R,Y278,5.7237019999999985
E,D140,R,Y278,0.628111
E,L156,R,I265,0.119608
P,F18,R,C299,3.759396
P,A27,R,A199,0.8814690000000001
P,A27,R,I284,0.005414
P,H28,R,I284,1.7906959999999998
P,I30,R,A199,3.387258
P,Y31,R,A199,2.91835
P,Y31,R,I284,9.99981
P,K46,R,T122,0.210169
P,I47,R,T122,0.754795
P,S48,R,T122,1.250652
P,P49,R,T122,1.595891
P,Y52,R,T122,1.931218
R,T37,R,Y91,0.785464
R,M53,E,H124,0.007315
R,S84,R,V101,0.025036000000000003
R,S84,R,T102,0.254284
R,S84,R,K103,9.28551
R,S84,R,I104,0.351263
R,S98,R,K134,1.888405
R,I104,R,W111,0.808137
R,I104,R,F112,4.507189
R,I104,R,W121,0.788905
R,T137,R,A138,0.25605500000000003
R,T137,R,Y367,1.6617099999999998
R,G150,R,I192,0.485737
R,F182,R,V185,0.25818800000000003
R,F182,R,C186,1.609978
R,F182,R,W260,1.131208
R,A197,R,L204,1.882022
R,A199,R,I284,0.8995780000000001
R,L222,R,C225,0.094764
R,L222,R,W260,0.301173
R,I265,R,P266,1.347118
R,I265,R,I269,0.020608
R,S275,R,L276,0.054687
R,S275,R,N279,1.284016
R,S275,R,W283,1.326822
R,Y278,R,D280,7.461099000000001
R,Y278,R,W283,0.748444
R,Y278,R,S285,3.223104
R,Y278,R,D287,7.306878
R,Y278,R,T288,1.411989
R,Y278,R,L290,1.11532
R,L306,R,L310,0.265736
R,L306,R,I347,3.3212550000000003
R,L306,R,V350,0.954258
