chain_1,residue_1,chain_2,residue_2,RRCS
E,L111,R,Y278,5.791423
E,E112,R,Y278,2.845296
E,D113,R,Y278,0.538269
P,S21,R,A199,2.530059
P,S21,R,I284,0.392778
P,H22,R,I284,3.292726
P,R23,R,S98,4.8334589999999995
P,L24,R,A199,4.513829
P,W25,R,A199,4.623751
P,W25,R,I284,4.1809379999999985
P,Q26,R,S98,1.827677
P,M28,R,A199,0.264368
P,G32,R,T37,0.037735000000000005
P,R33,R,T37,1.761
P,Q34,R,T37,3.209175
P,S46,R,T122,1.032845
P,Y47,R,T122,0.8283719999999999
R,T37,R,Y91,3.5721260000000004
R,T37,R,F92,1.771082
R,N39,E,I63,0.791405
R,N39,R,M42,0.35031799999999996
R,T43,E,L59,0.690285
R,T43,R,E47,0.092973
R,M53,E,T94,0.987489
R,M53,E,R98,1.515993
R,S84,R,V101,0.164475
R,S84,R,T102,3.4130629999999997
R,S84,R,K103,9.604276
R,S84,R,W111,1.983873
R,S98,R,E99,1.750943
R,I104,R,W111,5.830329
R,I104,R,F112,7.357414
R,T122,R,Y124,3.074577
R,T137,R,L141,0.396965
R,G150,R,I192,0.555523
R,F182,R,C186,3.353996
R,F182,R,W260,0.58529
R,T196,R,A197,0.166032
R,T196,R,N201,3.069109
R,A197,R,V198,0.142421
R,A197,R,L204,0.735006
R,A199,R,V205,0.096225
R,A199,R,I284,0.754239
R,I265,R,P266,1.309452
R,I265,R,I269,0.763374
R,S275,R,W283,3.799969
R,Y278,R,D280,3.06018
R,Y278,R,W283,0.867259
R,Y278,R,S285,1.306333
R,Y278,R,T288,8.277496000000001
R,Y278,R,L290,0.732636
R,C299,R,V350,0.726206
R,L306,R,L310,0.322067
R,L306,R,I347,2.966581
R,L306,R,L351,0.928239
R,N400,R,Q401,1.508804
