chain_1,residue_1,chain_2,residue_2,RRCS
E,V111,R,Y278,1.106922
E,R112,R,Y278,4.122595
E,D113,R,Y278,3.241621
P,F37,R,T122,0.863009
R,T37,R,K40,2.021442
R,T37,R,Y91,1.733039
R,T37,R,F92,1.406874
R,N39,E,I63,3.153151
R,N39,E,R67,1.018559
R,T43,E,W59,2.49884
R,T43,E,R109,0.387096
R,T43,E,A110,0.385786
R,T43,R,E47,0.6570550000000001
R,T43,R,C48,0.177806
R,M53,E,L94,1.6325690000000002
R,M53,E,H97,3.206684
R,M53,E,G98,0.744217
R,M53,E,F101,1.997021
R,M53,E,R102,5.468179
R,M53,R,Q54,1.962462
R,M53,R,R67,0.004724
R,S84,R,V101,1.628415
R,S84,R,T102,1.1600629999999998
R,S84,R,K103,4.540611
R,I104,R,W111,3.2299599999999997
R,I104,R,F112,7.901164
R,T122,R,Y124,2.90287
R,T137,R,L141,0.778281
R,T137,R,F142,0.142595
R,T137,R,D366,0.742604
R,T137,R,Y367,0.444715
R,N140,R,Y367,3.838572
R,F182,R,W260,2.636391
R,T196,R,A197,0.012672
R,T196,R,N200,0.503095
R,A199,R,I284,0.053108
R,L222,R,C225,0.6362140000000001
R,L222,R,N226,0.410788
R,I265,R,P266,1.394307
R,I265,R,C268,0.02137
R,I265,R,I269,0.172727
R,S275,R,L276,0.088925
R,S275,R,N279,0.390311
R,S275,R,W283,2.168376
R,Y278,R,D280,14.054735
R,Y278,R,S285,2.707035
R,Y278,R,D287,2.102267
R,Y278,R,T288,4.7166760000000005
R,Y278,R,L290,0.453197
R,C299,R,L303,0.368711
R,C299,R,F349,0.250274
R,L306,R,N311,0.032054
R,L306,R,L339,0.100493
R,L306,R,V342,1.2688469999999998
R,L330,R,Y331,3.2297290000000003
