chain_1,residue_1,chain_2,residue_2,RRCS
P,F18,R,C299,0.259573
P,Q24,R,I284,0.033547
P,A27,R,A199,1.65199
P,A27,R,I284,1.645372
P,H28,R,I284,2.845999
P,I30,R,A199,4.361229
P,Y31,R,A199,3.127045
P,Y31,R,I284,3.210343
P,T34,R,A199,0.34008499999999997
P,Y52,R,T122,0.27527199999999996
R,T37,P,K38,0.176028
R,T37,P,D39,0.044241
R,T37,R,I41,0.162598
R,T37,R,Y91,2.9834509999999996
R,T37,R,F92,2.4587209999999997
R,N39,R,T43,1.597465
R,N39,E,I63,0.4370850000000001
R,T43,R,E47,0.216462
R,T43,E,I63,0.623541
R,M53,E,T94,0.08934
R,M53,E,R98,2.361178
R,S84,R,T102,0.318554
R,S84,R,K103,7.7459289999999985
R,I104,R,D106,0.963909
R,I104,R,W111,0.90732
R,I104,R,F112,3.652229
R,T122,R,Y124,3.606243
R,T137,R,L141,0.956017
R,T137,R,Y367,3.931153
R,G150,R,I192,0.6100270000000001
R,F182,R,C186,3.179032
R,F182,R,W260,2.030936
R,T196,R,N201,0.314896
R,A197,R,L204,0.289419
R,A199,R,I284,0.880149
R,L222,R,C225,0.263412
R,L222,R,W260,0.394922
R,I265,R,P266,1.284215
R,I265,R,I269,0.8732120000000001
R,S275,R,N279,0.4457890000000001
R,S275,R,W283,3.111208
R,Y278,R,D280,2.4676669999999996
R,Y278,R,W283,0.71523
R,Y278,R,S285,0.944177
R,Y278,R,D287,0.133306
R,Y278,R,T288,5.046784
R,Y278,R,L290,0.804655
R,C299,R,L303,0.026951999999999997
R,L306,R,L309,0.158613
R,L306,R,L310,0.422955
R,L306,R,I347,3.239058
R,L330,R,A334,0.222083
E,L111,R,Y278,7.693432
E,E112,R,Y278,6.460268
E,D113,R,Y278,1.572999
E,L129,R,I265,0.166076
