chain_1,residue_1,chain_2,residue_2,RRCS
A,R292,A,I293,1.930073
A,R292,A,T296,2.5796099999999997
