chain_1,residue_1,chain_2,residue_2,RRCS
R,E109,R,K113,0.358925
R,K113,R,H117,0.931568
R,V120,R,Y124,1.275922
U,L17,R,V120,1.036553
U,L20,R,K113,4.269819999999998
U,Q24,R,K113,1.1779110000000002
U,R27,R,E109,3.69525
