chain_1,residue_1,chain_2,residue_2,RRCS
R,K113,R,H117,0.478758
R,V120,R,I121,0.143552
R,R292,R,I293,1.478507
P,L14,R,V120,0.436725
P,V18,R,V120,0.049617
P,M21,R,K113,3.4754150000000004
P,E25,R,K113,0.049695
