chain_1,residue_1,chain_2,residue_2,RRCS
P,R107,P,Y113,0.623429
P,Y109,P,H112,2.147066
P,Y109,P,Y113,5.7175519999999995
P,Y109,P,D334,0.253639
P,Y109,P,Q337,2.890672
P,L117,P,Y121,1.864907
P,L117,P,Q170,1.106402
P,L168,P,I187,0.7512979999999999
P,L169,P,I187,2.431705
P,L169,P,T188,1.233317
P,L169,P,F191,1.268237
P,V172,P,V176,0.473638
P,V172,P,W183,1.073402
P,V172,P,C184,0.401461
P,D173,P,H174,0.077672
P,D173,P,E175,1.009527
P,D173,P,V176,1.632269
P,H174,P,E175,4.305151
P,H174,P,E178,0.07471599999999999
P,E181,P,W183,6.338645
P,F229,P,C233,2.893623
P,F229,P,I234,7.261541
P,F236,P,P237,0.818429
P,Q337,P,F340,2.285169
P,Q337,P,I341,1.1754790000000002
U,S6,P,Q348,0.155619
U,L9,P,Q348,0.235036
U,T10,P,Q348,1.164709
U,F11,P,L169,0.761185
U,H12,P,Q337,0.006414
U,L13,P,L117,0.383004
U,L14,P,L169,0.790091
U,L14,P,V172,0.446906
U,T16,P,R107,1.188516
U,L17,P,L117,0.8943549999999999
U,L18,P,V172,1.001136
U,L18,P,D173,1.783999
U,L18,P,H174,0.903668
U,E19,P,R107,3.3273410000000005
U,A21,P,H174,0.137103
U,R22,P,H174,0.746292
U,S25,P,H174,2.5615639999999997
