chain_1,residue_1,chain_2,residue_2,RRCS
R,V57,R,N59,0.853827
R,V57,R,D70,4.063496
R,V57,R,T71,5.721157
R,V57,R,P72,1.964577
R,V57,R,G104,2.212184
R,G109,R,W115,2.081599
R,D385,R,S389,0.293541
R,G421,R,E426,1.16742
P,S2,R,D385,5.832192
