chain_1,residue_1,chain_2,residue_2,RRCS
P,S2,R,D385,4.618409
R,V57,R,P72,0.390377
R,V57,R,G104,4.197901
R,G109,R,W115,1.674175
R,P110,R,W115,4.883205
R,D385,R,S390,0.05966000000000001
