chain_1,residue_1,chain_2,residue_2,RRCS
E,S2,R,D385,2.7763310000000003
R,V57,R,R60,1.912085
R,V57,R,D70,1.246209
R,V57,R,G104,1.915061
R,G109,R,W115,1.521801
R,P110,R,Q113,2.295877
R,P110,R,W115,0.4987180000000001
