chain_1,residue_1,chain_2,residue_2,RRCS
R,Q167,R,T170,0.112988
R,Q167,R,W219,9.343545
R,Q167,R,F242,0.206564
R,Q167,R,V246,2.783941
R,Q167,R,W250,3.807128
R,A224,R,N296,1.583335
R,A224,R,L299,2.162844
R,A224,R,I303,0.132522
R,A224,R,F338,3.939313
R,S233,R,T234,0.2641
R,S233,A,R380,2.385098
R,S279,R,P280,1.281224
R,P280,R,Y281,2.840202
R,N346,R,F347,5.949517
R,Q381,R,R384,4.530215
R,Q381,R,T385,0.27123
R,Q381,R,E386,0.004209
R,Q381,A,E392,2.9073759999999997
