chain_1,residue_1,chain_2,residue_2,RRCS
A,Q31,R,Q263,2.841174
A,Q35,R,Q263,1.293999
A,E392,R,N407,4.2608190000000015
P,T13,R,F230,1.304337
P,Y19,R,P137,1.1872200000000002
R,E41,R,R44,1.818692
R,E41,R,Q45,2.5000310000000003
R,E41,R,W87,1.6459529999999998
R,F61,R,N63,0.092836
R,F61,R,D74,0.286434
R,F61,R,G75,2.671535
R,F61,R,P77,0.095405
R,F61,R,C104,0.220592
R,F61,R,G108,0.377111
R,A70,R,W72,1.965451
R,A70,R,Y88,1.584619
R,A70,R,V100,0.205139
R,F103,R,L109,0.620762
R,F103,R,W110,4.944063
R,F103,R,L111,5.097258
R,F103,R,W120,4.259018
R,L111,R,P119,2.516035
R,L111,R,W120,5.45325
R,S157,R,I161,0.015613
R,H171,B,D312,4.475383
R,H171,R,E408,0.8510840000000001
R,H171,R,E412,7.1038179999999995
R,H171,R,K415,1.183906
R,W203,R,A209,0.649076
R,W203,R,Y220,2.565124
R,M204,R,Y205,2.453997
R,M204,R,A209,0.955258
R,M204,R,Y220,1.7973720000000002
R,M204,R,Q221,4.829502
R,M204,R,C226,0.91795
R,M204,R,F230,0.930828
R,M204,R,G295,0.251372
R,M204,R,C296,1.025673
R,M204,R,T298,0.604837
R,T207,R,Q210,0.683217
R,A208,R,H212,0.12956099999999998
R,Q213,R,S219,1.656239
R,Q213,R,Q221,2.5617520000000003
R,F230,R,M233,0.109271
R,F230,R,C296,2.461877
R,F230,R,W297,0.268577
R,F230,R,T298,4.4633910000000006
R,Y252,R,I323,0.692303
R,Y252,R,R326,0.4516770000000001
R,V276,R,P277,1.113832
R,V276,R,F280,0.1992
R,G285,R,W297,1.136083
R,N304,R,Y305,0.011911
R,N304,R,L307,0.035945
R,L307,R,R310,3.2375529999999997
R,L307,R,L311,1.353358
R,L307,R,P312,1.129085
R,L307,R,M371,0.381652
R,L307,R,E373,0.233481
R,L311,R,P312,1.277189
R,L311,R,L314,0.110409
R,V327,A,L393,0.5078560000000001
R,V327,R,V331,0.016158000000000002
R,V327,R,L356,1.058851
R,N338,A,R385,3.098097
R,F381,R,I382,1.4711809999999998
R,F381,R,F385,0.241985
R,M397,R,Y402,0.0040490000000000005
R,N407,R,Q410,0.466803
R,F413,R,R414,0.003118
