chain_1,residue_1,chain_2,residue_2,RRCS
R,E41,R,R44,0.369729
R,E41,R,Q45,8.048228
R,E41,R,W87,3.467246
R,F61,R,N63,2.651141
R,F61,R,D74,1.558293
R,F61,R,G75,0.4606020000000001
R,F61,R,G108,0.13943599999999998
R,A70,R,W72,3.241806
R,A70,R,V83,0.042848
R,A70,R,P86,0.554081
R,A70,R,Y88,0.015694
R,A70,R,V100,0.409508
R,F103,R,T105,0.025851999999999997
R,F103,R,L109,0.256458
R,F103,R,W110,2.757211
R,F103,R,L111,3.580043
R,F103,R,W120,1.889252
R,L111,R,P119,4.304683
R,L111,R,W120,6.9444479999999995
R,S129,R,K130,0.052536
R,P137,R,E138,0.024954
R,P137,R,Q140,0.081274
R,P137,R,T378,1.079078
R,P137,R,I382,0.711408
R,H171,R,E412,3.306014
R,H171,B,D312,1.341909
R,K202,R,M204,0.26726300000000003
R,K202,R,Y205,1.120088
R,W203,R,M204,2.717341
R,W203,R,T207,0.459485
R,W203,R,F385,1.668424
R,M204,R,Y205,0.423363
R,L224,R,R227,0.415451
R,L224,R,L228,0.649896
R,F230,R,M233,1.178419
R,F230,R,Q234,5.976993
R,F230,R,W284,1.312509
R,F230,R,C296,1.491272
R,F230,R,W297,3.4255769999999997
R,Y252,R,A256,0.111791
R,Y252,R,I323,0.7045170000000001
R,Y252,R,R326,2.743058
R,Q263,R,W264,0.449603
R,Q263,R,R267,0.56182
R,V276,R,P277,1.134949
R,G285,R,W297,0.826333
R,N304,R,W306,0.271631
R,N304,R,L307,1.390383
R,L307,R,L311,1.322447
R,L307,R,P312,0.4568890000000001
R,L311,R,P312,1.039198
R,V327,R,V331,0.072631
R,V327,R,L356,0.856881
R,V327,A,L393,0.068401
R,N338,R,M340,0.055777999999999994
R,N338,A,Y358,1.0453
R,N338,A,R385,5.123297
R,C341,R,D344,0.316399
R,K342,R,T343,0.269964
R,N407,R,Q410,0.4929439999999999
R,F413,R,R414,0.560774
R,E418,R,R421,1.482081
A,E392,R,N407,0.4144390000000001
