chain_1,residue_1,chain_2,residue_2,RRCS
A,E41,A,R44,2.083224
A,E41,A,Q45,2.407315
A,E41,A,W87,3.221165
A,F61,A,N63,0.922424
A,F61,A,D74,0.6504979999999999
A,F61,A,G75,1.875032
A,F61,A,P77,1.184323
A,F61,A,C104,0.12805899999999998
A,F61,A,G108,3.396581
A,A70,A,W72,1.437536
A,A70,A,V83,0.060939
A,A70,A,P86,1.263372
A,A70,A,Y88,0.114742
A,F103,A,T105,0.7099979999999999
A,F103,A,L109,0.787464
A,F103,A,W110,4.487239
A,F103,A,L111,4.023889
A,F103,A,W120,1.612811
A,F103,C,Y104,2.379302
A,L111,A,P119,2.679703
A,L111,A,W120,4.900638
A,S157,A,A162,0.012002
A,H171,A,Q1048,8.414893
A,M204,A,L217,4.429338
A,T207,A,Q213,0.107325
A,A208,A,Q213,9.840695
A,L224,A,R227,0.961045
A,F230,A,Q234,1.6460740000000005
A,F230,A,W284,1.965017
A,F230,A,C296,1.680022
A,F230,A,W297,0.08448
A,Y252,A,A256,1.655519
A,Y252,A,I323,1.047076
A,Y252,A,R326,0.238874
A,Q263,A,V1052,0.085374
A,Q263,A,E1053,1.294076
A,Q263,A,E1054,3.0694369999999997
A,V276,A,P277,1.108707
A,V276,A,L279,0.032628
A,V276,A,F280,0.478075
A,G285,A,W297,4.324406
A,N304,A,W306,1.866308
A,N304,A,L307,2.0957220000000003
A,L307,A,L311,0.427413
A,L307,A,P312,1.11227
A,L311,A,P312,0.814737
A,L311,A,L314,0.466607
A,V327,A,V331,0.455035
A,V327,A,L354,2.084796
A,C341,A,T343,0.7578630000000001
A,C341,A,D344,1.018676
A,C341,A,F347,0.761714
A,K342,A,F347,8.886014
A,K342,A,R348,0.213665
A,N407,A,E408,0.903635
A,N407,A,Q410,0.329995
A,F413,A,S416,0.054838
C,F29,A,L111,2.516459
C,T30,A,L111,1.661346
C,Y32,A,L111,3.76378
C,Y101,A,F103,2.182084
