chain_1,residue_1,chain_2,residue_2,RRCS
B,R42,R,L455,0.429094
P,W25,R,P243,0.084994
R,P243,R,W249,5.046132
R,P243,R,Y252,1.33894
R,L294,R,P295,0.164575
R,L294,R,R297,4.808828
R,L299,R,Y303,2.089813
R,L299,R,L304,3.662382
R,Y381,R,K385,1.325776
R,T423,R,L424,0.501721
