chain_1,residue_1,chain_2,residue_2,RRCS
A,H129,A,D132,2.55566
A,D132,A,F136,0.089494
A,M172,A,M190,1.108598
A,M172,A,F193,0.448137
A,M172,A,V194,0.261191
A,M172,A,M197,1.600665
A,F187,A,F266,4.366899
A,A212,A,N217,0.050735
A,A212,A,H218,8.732443
A,E225,A,V229,0.06938899999999999
A,S239,A,N240,0.014925
A,S239,A,W243,0.080675
A,S239,A,G273,0.322827
A,S239,A,W274,1.490772
A,S239,A,P277,1.08156
A,I246,A,Y269,3.761007
A,I246,A,T270,0.06168999999999999
A,F252,A,V256,2.243093
A,F252,A,L323,0.936489
A,F252,A,G326,1.17866
A,F252,A,I327,1.75903
A,E257,A,F260,2.449832
A,P261,A,R264,3.407168
A,I271,A,I272,0.432794
A,I271,A,A276,0.671743
A,L287,A,F291,0.175098
A,L287,A,D292,2.703937
A,L287,A,L305,1.675614
A,M318,A,V322,0.160821
A,M318,A,F371,1.427532
A,Q336,A,I347,0.146574
A,I347,A,Y348,1.411486
A,V376,A,S377,0.074414
B,R14,A,A212,1.584552
F,Q35,A,P261,1.07099
