chain_1,residue_1,chain_2,residue_2,RRCS
R,R147,R,W154,0.690526
R,R147,R,E155,12.276369
R,R147,R,W164,1.868004
R,E155,R,R162,0.26526700000000003
R,E155,R,T163,2.197229
R,E155,R,W164,6.6549770000000015
R,A165,R,Y167,1.052275
R,K172,R,F173,0.10943
R,N176,R,R179,2.811014
R,N176,R,E180,0.380845
R,V183,R,L187,0.520113
R,V183,R,W437,0.72927
R,V183,R,Q438,1.630087
R,V183,R,H442,0.195044
R,V365,R,P366,1.029226
R,V372,R,I376,0.407543
R,V372,R,I422,0.022839
R,V372,R,M425,1.794375
R,L407,R,L411,0.6992430000000001
R,M414,R,P415,0.759919
R,M414,R,V419,5.3163019999999985
R,T430,R,E431,0.380037
R,T430,R,L436,0.571968
R,T430,R,W437,3.680272
R,Y443,R,E444,1.464485
R,Y443,R,F447,4.558239
R,S475,R,T478,0.222742
R,S475,R,L479,0.438615
R,T478,R,L479,0.136423
P,A1,R,A426,0.572407
P,A1,R,Y429,0.731455
P,A3,R,M445,0.533046
P,E4,R,M445,1.726523
P,Q6,R,Y429,4.892272
P,Q6,R,T430,0.550086
P,L7,R,M445,1.083259
P,H9,R,Y429,0.331579
P,Q10,R,Y429,1.238606
P,Q10,R,T430,1.437855
P,R19,R,K34,2.268584
P,R20,R,K34,0.35436999999999996
P,F23,R,K34,1.427392
P,H32,R,A165,2.949638
