chain_1,residue_1,chain_2,residue_2,RRCS
A,K34,A,I38,1.458788
A,R147,A,S153,0.314206
A,R147,A,W154,4.2056580000000015
A,R147,A,E155,10.117247
A,R147,A,W164,3.694635
A,E155,A,R162,0.07702200000000001
A,E155,A,T163,1.6669740000000002
A,E155,A,W164,4.555917
A,A165,A,Y167,0.882627
A,K172,A,F173,3.141451
A,V183,A,R186,0.306226
A,V183,A,L187,1.004423
A,V183,A,W437,0.759846
A,V365,A,P366,1.405359
A,V372,A,I376,0.055166999999999994
A,Q401,A,G1218,0.28819
A,Q401,A,S1413,3.26423
A,Q401,A,R404,4.3782489999999985
A,M414,A,P415,0.901019
A,Y429,A,W437,0.090627
A,Y429,A,R440,1.31398
A,Y443,A,F447,0.07618899999999999
A,L446,A,F450,0.7924399999999999
B,E4,A,M445,2.433159
B,Q6,A,Y429,7.605211
B,L7,A,M445,0.037212
B,N16,A,K34,0.536297
B,E19,A,K34,3.839084
B,R20,A,K34,0.4040510000000001
B,W23,A,K34,3.0604880000000003
B,R25,A,N176,0.423735
