chain_1,residue_1,chain_2,residue_2,RRCS
R,G145,R,S378,0.090349
R,K365,R,P366,0.412937
R,K365,R,V368,1.789266
