,residue,frequency,blosum80_score,Wootten,Name,domains
0,I,0.9583333333333334,-1,-,I43,N-ter
1,N,0.9861111111111112,1,-,N58,N-ter
2,T,0.9583333333333334,1,-,T60,N-ter
3,P,0.9759036144578314,-1,-,P74,N-ter
4,V,0.9036144578313253,-10,-,V81,N-ter
5,N,0.963855421686747,-4,-,N100,N-ter
6,F,0.9156626506024096,3,1.35,F138,TM1
7,Y,1.0,3,2.48,Y176,TM2
8,H,0.9761904761904762,0,2.52,H180,TM2
9,I,0.9879518072289156,1,2.58,I186,TM2
10,S,0.9047619047619048,1,3.26,S212,TM3
11,Q,0.9767441860465116,1,3.37,Q223,TM3
12,M,1.0,1,3.41,M227,TM3
13,A,0.9770114942528736,1,3.42,A228,TM3
14,F,0.9885057471264368,3,3.44,F230,TM3
15,L,1.0,0,3.48,L234,TM3
16,V,1.0,3,3.49,V235,TM3
17,S,1.0,1,-,S247,ICL2
18,S,1.0,-1,4.37,S250,TM4
19,K,1.0,2,4.4,K253,TM4
20,W,0.9770114942528736,2,4.43,W256,TM4
21,I,0.9885057471264368,-1,4.46,I259,TM4
22,F,0.9770114942528736,-3,4.56,F269,TM4
23,I,1.0,3,5.38,I296,TM5
24,I,0.9540229885057471,3,5.43,I301,TM5
25,L,0.9425287356321839,1,5.44,L302,TM5
26,L,0.9080459770114943,2,5.48,L306,TM5
27,R,0.9425287356321839,-3,5.59,R317,TM5
28,K,0.9166666666666666,-1,-,K365,ECL3
29,E,0.9166666666666666,-1,7.36,E367,TM7
30,R,0.95,-1,8.6,R405,H8
31,H,0.9125,-1,8.62,H407,H8
32,G,0.925,0,8.68,G413,H8
33,G,0.9240506329113924,0,-,G424,C-ter
34,S,0.9875,-1,-,S431,C-ter
35,T,0.9135802469135802,1,-,T438,C-ter
36,P,0.9753086419753086,-1,-,P442,C-ter
37,R,0.9753086419753086,-2,-,R446,C-ter
38,S,0.9493670886075949,-10,-,S455,C-ter
