,residue,frequency,blosum80_score,Wootten,Name,domains
0,I,0.9583333333333334,1,-,I43,N-ter
1,V,0.9047619047619048,-3,-,V81,N-ter
2,N,0.9523809523809523,-10,-,N100,N-ter
3,G,0.9759036144578314,-3,-,G123,N-ter
4,F,0.9036144578313253,3,1.35,F138,TM1
5,K,0.9882352941176471,2,12.49,K169,ICL1
6,T,0.9764705882352941,-2,2.45,T173,TM2
7,H,0.9761904761904762,1,2.52,H180,TM2
8,S,0.963855421686747,1,2.56,S184,TM2
9,A,0.9534883720930233,0,3.31,A217,TM3
10,V,0.9651162790697675,0,3.34,V220,TM3
11,F,1.0,-3,3.36,F222,TM3
12,Q,0.9767441860465116,1,3.37,Q223,TM3
13,Y,1.0,3,3.38,Y224,TM3
14,C,0.9883720930232558,-1,3.39,C225,TM3
15,A,0.9770114942528736,0,3.42,A228,TM3
16,F,1.0,-3,3.45,F231,TM3
17,G,0.9770114942528736,0,3.51,G237,TM3
18,L,0.9885057471264368,-10,3.52,L238,TM3
19,S,1.0,-10,-,S247,ICL2
20,F,1.0,-3,-,F248,ICL2
21,F,1.0,-4,-,F249,ICL2
22,S,1.0,-10,4.37,S250,TM4
23,E,0.9885057471264368,-10,4.38,E251,TM4
24,K,1.0,2,4.4,K253,TM4
25,Y,1.0,-10,4.41,Y254,TM4
26,Y,1.0,-2,4.45,Y258,TM4
27,I,0.9885057471264368,3,4.46,I259,TM4
28,I,0.9540229885057471,-2,4.48,I261,TM4
29,G,1.0,0,-,G284,ECL2
30,L,0.9425287356321839,1,5.44,L302,TM5
31,I,0.9655172413793104,3,5.47,I305,TM5
32,L,0.9080459770114943,-4,5.48,L306,TM5
33,I,0.9425287356321839,1,5.55,I313,TM5
34,Q,0.9425287356321839,1,5.63,Q321,TM5
35,P,0.9885057471264368,-1,-,P326,ICL3
36,D,0.9310344827586207,-1,-,D327,ICL3
37,A,0.9642857142857143,1,6.39,A340,TM6
38,A,0.9404761904761905,-2,6.57,A358,TM6
39,K,0.9166666666666666,-2,-,K365,ECL3
40,E,0.9166666666666666,-3,7.36,E367,TM7
41,F,0.9761904761904762,0,7.41,F372,TM7
42,V,0.9518072289156626,3,7.52,V383,TM7
43,G,0.9759036144578314,-2,8.48,G393,H8
44,Q,0.9518072289156626,1,8.51,Q396,H8
45,K,0.9875,2,8.57,K402,H8
46,R,0.9746835443037974,-10,8.59,R404,H8
47,R,0.9620253164556962,-10,8.6,R405,H8
48,W,1.0,-10,8.61,W406,H8
49,G,0.925,-3,8.68,G413,H8
50,G,0.9240506329113924,-10,-,G424,C-ter
51,S,0.9493670886075949,-10,-,S425,C-ter
52,S,0.9875,-3,-,S431,C-ter
53,Q,0.9629629629629629,0,-,Q433,C-ter
54,L,0.9506172839506173,-10,-,L437,C-ter
55,T,0.9135802469135802,-10,-,T438,C-ter
56,S,0.9753086419753086,-10,-,S441,C-ter
57,P,0.9753086419753086,-10,-,P442,C-ter
58,R,0.9753086419753086,-10,-,R446,C-ter
59,S,0.9506172839506173,-10,-,S448,C-ter
60,S,0.9493670886075949,-10,-,S455,C-ter
