,GHRHR,GHRHR_index,GHRHR_frequency,PACR,PACR_index,PACR_frequency,SCTR,SCTR_index,SCTR_frequency,VIPR1,VIPR1_index,VIPR1_frequency,VIPR2,VIPR2_index,VIPR2_frequency,residue,frequency,status
95,W,73,0.554054054054054,M,72,0.0,M,84,0.776470588235294,V,81,0.9036144578313249,T,70,0.952941176470588,-,0.0,NC
298,V,246,0.825,T,270,0.816091954022988,V,259,0.0,I,259,0.988505747126437,L,245,0.895348837209302,-,0.0,NC
405,G,353,0.582278481012658,S,377,1.0,A,365,0.5176470588235289,K,365,0.916666666666667,S,352,0.8214285714285708,-,0.0,NC
445,G,393,0.8243243243243241,S,417,0.9638554216867471,Q,405,0.8214285714285708,R,405,0.9620253164556959,S,392,0.7727272727272729,-,0.0,NC
464,S,412,0.726027397260274,A,436,0.975609756097561,F,419,0.51219512195122,G,424,0.9240506329113921,S,411,0.954545454545455,-,0.0,NC
471,L,419,0.513888888888889,G,443,0.963414634146341,-,-,0.666666666666667,S,431,0.9875,A,418,0.0,-,0.0,NC
486,-,-,0.0,M,458,0.9512195121951221,S,431,0.544303797468354,R,446,0.9753086419753091,A,427,0.827586206896552,-,0.0,NC
