,residue,frequency,blosum80_score,Wootten,Name,domains
0,L,0.9,-10,-,L51,N-ter
1,N,0.9861111111111112,-10,-,N58,N-ter
2,T,0.9583333333333334,-2,-,T60,N-ter
3,G,0.9878048780487805,0,-,G62,N-ter
4,P,0.9759036144578314,-2,-,P74,N-ter
5,V,0.9036144578313253,0,-,V81,N-ter
6,H,0.9761904761904762,0,2.52,H180,TM2
7,F,0.9880952380952381,0,2.65,F193,TM2
8,A,0.9534883720930233,-2,3.31,A217,TM3
9,F,1.0,3,3.45,F231,TM3
10,S,1.0,-10,-,S247,ICL2
11,F,1.0,-1,-,F248,ICL2
12,E,0.9885057471264368,-2,4.38,E251,TM4
13,R,0.9540229885057471,-10,4.39,R252,TM4
14,K,1.0,2,4.4,K253,TM4
15,Y,1.0,-10,4.41,Y254,TM4
16,W,0.9770114942528736,-10,4.43,W256,TM4
17,I,0.9885057471264368,1,4.46,I259,TM4
18,F,0.9770114942528736,-3,4.56,F269,TM4
19,I,1.0,3,5.38,I296,TM5
20,K,0.9425287356321839,2,5.4,K298,TM5
21,L,0.9080459770114943,1,5.48,L306,TM5
22,F,1.0,-1,6.58,F359,TM6
23,K,0.9166666666666666,-1,-,K365,ECL3
24,E,0.9166666666666666,-10,7.36,E367,TM7
25,F,0.9759036144578314,0,7.51,F382,TM7
26,G,0.9759036144578314,-1,8.48,G393,H8
27,R,0.95,-1,8.6,R405,H8
28,W,0.9873417721518988,-2,8.61,W406,H8
29,H,0.9125,-4,8.62,H407,H8
30,K,0.9746835443037974,2,8.72,K417,H8
31,P,0.975,-1,-,P421,C-ter
32,G,0.9240506329113924,-1,-,G424,C-ter
33,S,0.9493670886075949,-1,-,S425,C-ter
34,S,0.9875,-10,-,S431,C-ter
35,T,0.975,-2,-,T432,C-ter
36,L,0.9506172839506173,-10,-,L437,C-ter
37,T,0.9135802469135802,-10,-,T438,C-ter
38,S,0.9753086419753086,-10,-,S441,C-ter
39,P,0.9753086419753086,-10,-,P442,C-ter
40,R,0.9753086419753086,-2,-,R446,C-ter
