,residue,frequency,blosum80_score,Wootten,Name,domains
0,M,0.9649122807017544,-10,-,M1,N-ter
1,L,0.9411764705882353,-10,-,L23,N-ter
2,I,0.9583333333333334,1,-,I43,N-ter
3,N,0.9861111111111112,-10,-,N58,N-ter
4,T,0.9583333333333334,-10,-,T60,N-ter
5,V,0.9036144578313253,0,-,V81,N-ter
6,F,0.927710843373494,0,-,F90,N-ter
7,N,0.963855421686747,0,-,N100,N-ter
8,F,0.9036144578313253,3,1.35,F138,TM1
9,K,0.9882352941176471,2,12.49,K169,ICL1
10,V,0.9642857142857143,-4,2.64,V192,TM2
11,A,0.9534883720930233,-2,3.31,A217,TM3
12,F,0.9885057471264368,3,3.44,F230,TM3
13,F,1.0,-3,3.45,F231,TM3
14,Y,1.0,-10,4.41,Y254,TM4
15,F,1.0,0,4.42,F255,TM4
16,W,0.9770114942528736,-3,4.43,W256,TM4
17,Y,1.0,3,4.45,Y258,TM4
18,I,0.9885057471264368,-10,4.46,I259,TM4
19,I,0.9540229885057471,1,4.48,I261,TM4
20,K,0.9425287356321839,2,5.4,K298,TM5
21,I,0.9540229885057471,3,5.43,I301,TM5
22,L,0.9425287356321839,1,5.44,L302,TM5
23,I,0.9770114942528736,1,5.58,I316,TM5
24,Q,0.9425287356321839,1,5.63,Q321,TM5
25,P,0.9885057471264368,-2,-,P326,ICL3
26,D,0.9310344827586207,1,-,D327,ICL3
27,K,0.9166666666666666,-1,-,K365,ECL3
28,F,0.9759036144578314,0,7.51,F382,TM7
29,R,0.9875,2,8.56,R401,H8
30,R,0.95,1,8.6,R405,H8
31,G,0.925,-4,8.68,G413,H8
32,K,0.9746835443037974,-10,8.72,K417,H8
33,P,0.975,-1,-,P421,C-ter
34,G,0.9240506329113924,-4,-,G424,C-ter
35,S,0.9875,-3,-,S431,C-ter
36,L,0.9506172839506173,-10,-,L437,C-ter
37,R,0.9753086419753086,-1,-,R446,C-ter
38,S,0.9506172839506173,-10,-,S448,C-ter
39,S,0.9493670886075949,-3,-,S455,C-ter
