,residue,frequency,ghrhr_score,pacr_score,sctr_score,vipr2_score,Wootten,name,domain
0,V,0.9047619047619048,-3,-10,0,0,-,V81,N-ter
1,I,0.9885057471264368,3,-1,-10,1,4.46,I259,TM4
2,K,0.9166666666666666,-2,-1,-1,-1,-,K365,ECL3
3,R,0.9620253164556962,-10,-1,1,-1,8.6,R405,H8
4,G,0.9240506329113924,-10,0,-4,-1,-,G424,C-ter
5,S,0.9875,-3,-1,-3,-10,-,S431,C-ter
6,R,0.9753086419753086,-10,-2,-1,-2,-,R446,C-ter
