,residue,frequency,blosum80_score,Wootten,Name,domains
0,P,0.961038961038961,-1,-,P26,N-ter
1,E,0.948051948051948,1,-,E27,N-ter
2,L,0.9342105263157895,0,-,L34,N-ter
3,E,0.974025974025974,2,-,E38,N-ter
4,N,0.974025974025974,1,-,N50,N-ter
5,P,0.9861111111111112,-1,-,P66,N-ter
6,V,0.9875,-1,-,V114,N-ter
7,E,0.95,2,1.32,E122,TM1
8,S,0.9625,-2,1.34,S124,TM1
9,F,1.0,3,1.36,F126,TM1
10,T,0.9382716049382716,1,1.38,T128,TM1
11,I,0.9135802469135802,1,1.42,I132,TM1
12,R,0.9753086419753086,2,12.49,R156,ICL1
13,Q,0.9753086419753086,0,2.52,Q167,TM2
14,T,0.9506172839506173,1,2.56,T171,TM2
15,I,0.9876543209876543,1,2.58,I173,TM2
16,K,0.9753086419753086,2,2.6,K175,TM2
17,A,0.9876543209876543,1,2.63,A178,TM2
18,A,0.9012345679012346,-3,2.69,A184,TM2
19,F,0.9876543209876543,3,2.72,F187,TM2
20,S,0.9875,-2,3.32,S205,TM3
21,V,1.0,1,3.33,V206,TM3
22,M,0.975,1,3.41,M214,TM3
23,F,1.0,3,3.44,F217,TM3
24,L,0.95,0,3.48,L221,TM3
25,A,1.0,0,3.51,A224,TM3
26,S,0.95,0,3.6,S233,TM3
27,W,1.0,2,4.43,W243,TM4
28,L,0.9375,1,4.47,L247,TM4
29,E,0.9876543209876543,1,4.68,E268,TM4
30,S,1.0,1,-,S279,ECL2
31,P,1.0,-1,-,P280,ECL2
32,Y,0.9873417721518988,-2,-,Y281,ECL2
33,I,1.0,3,5.43,I289,TM5
34,N,1.0,-1,5.56,N302,TM5
35,R,0.9620253164556962,-3,5.59,R305,TM5
36,P,0.9615384615384616,-1,-,P313,ICL3
37,Q,0.9871794871794872,-3,6.34,Q323,TM6
38,N,0.9493670886075949,-2,6.57,N346,TM6
39,L,0.9873417721518988,-3,6.59,L348,TM6
40,Q,0.961038961038961,-2,8.48,Q381,H8
41,R,0.9361702127659575,-1,8.7,R403,H8
42,W,0.9672131147540983,-2,-,W408,C-ter
43,T,0.9180327868852459,1,-,T409,C-ter
44,P,0.9305555555555556,-3,-,P411,C-ter
45,T,0.9305555555555556,-1,-,T420,C-ter
46,C,0.9833333333333333,-1,-,C423,C-ter
