,residue,frequency,blosum80_score,Wootten,Name,domains
0,L,0.9342105263157895,1,-,L34,N-ter
1,L,0.9473684210526315,-10,-,L42,N-ter
2,N,0.974025974025974,-10,-,N50,N-ter
3,G,0.9178082191780822,0,-,G54,N-ter
4,P,0.9861111111111112,-2,-,P66,N-ter
5,V,0.9113924050632911,3,-,V92,N-ter
6,R,1.0,2,-,R94,N-ter
7,P,0.922077922077922,-10,-,P104,N-ter
8,Y,0.9871794871794872,3,-,Y108,N-ter
9,V,0.9875,-2,-,V114,N-ter
10,E,0.95,1,1.32,E122,TM1
11,S,0.9625,-10,1.34,S124,TM1
12,Y,0.9753086419753086,3,1.35,Y125,TM1
13,F,1.0,3,1.36,F126,TM1
14,T,0.9382716049382716,-2,1.38,T128,TM1
15,A,0.9876543209876543,0,1.57,A147,TM1
16,R,0.9753086419753086,2,12.49,R156,ICL1
17,Q,0.9753086419753086,0,2.52,Q167,TM2
18,T,0.9506172839506173,1,2.56,T171,TM2
19,K,0.9753086419753086,2,2.6,K175,TM2
20,A,0.9876543209876543,1,2.63,A178,TM2
21,F,1.0,0,2.65,F180,TM2
22,A,0.9012345679012346,-2,2.69,A184,TM2
23,F,0.9876543209876543,3,2.72,F187,TM2
24,T,1.0,-4,3.26,T199,TM3
25,V,1.0,1,3.33,V206,TM3
26,H,0.9625,1,3.37,H210,TM3
27,A,1.0,0,3.51,A224,TM3
28,S,0.95,1,3.6,S233,TM3
29,W,1.0,-10,4.43,W243,TM4
30,F,0.9625,0,4.67,F267,TM4
31,P,1.0,-3,-,P280,ECL2
32,Y,0.9873417721518988,-4,-,Y281,ECL2
33,K,0.9746835443037974,2,5.4,K286,TM5
34,G,1.0,-10,5.41,G287,TM5
35,N,1.0,0,5.56,N302,TM5
36,P,0.9615384615384616,-1,-,P313,ICL3
37,N,0.9493670886075949,-2,6.57,N346,TM6
38,F,0.9873417721518988,-1,6.58,F347,TM6
39,L,0.9873417721518988,0,6.59,L348,TM6
40,R,1.0,1,7.38,R357,TM7
41,L,0.9620253164556962,1,7.39,L358,TM7
42,Q,0.961038961038961,0,8.48,Q381,H8
43,R,0.9361702127659575,-2,8.7,R403,H8
44,W,0.9672131147540983,-4,-,W408,C-ter
45,T,0.9180327868852459,1,-,T409,C-ter
46,P,0.9305555555555556,-4,-,P411,C-ter
47,T,0.9305555555555556,-2,-,T420,C-ter
48,C,0.9672131147540983,-2,-,C423,C-ter
