,residue,frequency,pacr_score,sctr_score,vipr1_score,vipr2_score,Wootten,name,domain
0,V,0.9875,-1,-10,-10,-2,-,V114,N-ter
1,S,0.9625,-2,-10,-10,-10,1.34,S124,TM1
2,F,1.0,3,0,3,3,1.36,F126,TM1
3,T,0.9382716049382716,1,-1,1,-2,1.38,T128,TM1
4,Q,0.9753086419753086,0,1,1,0,2.52,Q167,TM2
5,T,0.9506172839506172,1,1,1,1,2.56,T171,TM2
6,K,0.9753086419753086,2,2,2,2,2.6,K175,TM2
7,V,1.0,1,1,1,1,3.33,V206,TM3
8,A,1.0,0,0,0,0,3.51,A224,TM3
9,S,0.95,0,-3,-2,1,3.6,S233,TM3
10,P,1.0,-1,-1,-1,-3,-,P280,ECL2
11,Y,0.9873417721518988,-2,-2,-10,-4,-,Y281,ECL2
12,P,0.9615384615384616,-1,-2,-10,-1,-,P313,ICL3
13,N,0.9493670886075948,-2,-2,-2,-2,6.57,N346,TM6
14,L,0.9873417721518988,-3,-3,0,0,6.59,L348,TM6
15,Q,0.9610389610389609,-2,-2,-2,0,8.48,Q381,H8
16,R,0.9361702127659576,-1,-3,-10,-2,8.7,R403,H8
17,W,0.9672131147540984,-2,-10,2,-4,-,W408,C-ter
18,T,0.918032786885246,1,1,-10,1,-,T409,C-ter
19,C,0.9833333333333332,-1,-10,-10,-2,-,C423,C-ter
