,residue,frequency,blosum80_score,Wootten,Name,domains
0,H,0.9230769230769231,-3,-,H25,N-ter
1,P,0.961038961038961,-2,-,P26,N-ter
2,E,0.948051948051948,-4,-,E27,N-ter
3,E,0.974025974025974,-10,-,E38,N-ter
4,N,0.974025974025974,-10,-,N50,N-ter
5,F,1.0,0,-,F85,N-ter
6,V,0.9113924050632911,-10,-,V92,N-ter
7,P,0.922077922077922,-2,-,P104,N-ter
8,Y,0.9871794871794872,-4,-,Y108,N-ter
9,V,0.9875,-10,-,V114,N-ter
10,S,0.9625,-10,1.34,S124,TM1
11,F,1.0,0,1.36,F126,TM1
12,T,0.9382716049382716,-1,1.38,T128,TM1
13,I,0.9135802469135802,1,1.42,I132,TM1
14,Q,0.9753086419753086,1,2.52,Q167,TM2
15,T,0.9506172839506173,1,2.56,T171,TM2
16,K,0.9753086419753086,2,2.6,K175,TM2
17,A,0.9876543209876543,1,2.63,A178,TM2
18,S,1.0,-1,-,S198,ECL1
19,T,1.0,-10,3.26,T199,TM3
20,S,0.9875,-2,3.32,S205,TM3
21,V,1.0,1,3.33,V206,TM3
22,H,0.9625,1,3.37,H210,TM3
23,F,1.0,3,3.44,F217,TM3
24,A,1.0,0,3.51,A224,TM3
25,S,0.95,-3,3.6,S233,TM3
26,W,1.0,-3,4.43,W243,TM4
27,L,0.9375,-2,4.47,L247,TM4
28,F,0.9625,0,4.67,F267,TM4
29,S,1.0,1,-,S279,ECL2
30,P,1.0,-1,-,P280,ECL2
31,Y,0.9873417721518988,-2,-,Y281,ECL2
32,K,0.9746835443037974,2,5.4,K286,TM5
33,I,1.0,3,5.43,I289,TM5
34,V,1.0,3,5.49,V295,TM5
35,I,0.9240506329113924,1,5.58,I304,TM5
36,P,0.9615384615384616,-2,-,P313,ICL3
37,Q,0.9871794871794872,-10,6.34,Q323,TM6
38,N,0.9493670886075949,-2,6.57,N346,TM6
39,L,0.9873417721518988,-3,6.59,L348,TM6
40,R,1.0,1,7.38,R357,TM7
41,Q,0.961038961038961,-2,8.48,Q381,H8
42,R,0.9206349206349206,-3,8.7,R403,H8
43,W,0.9672131147540983,-10,-,W408,C-ter
44,T,0.9180327868852459,1,-,T409,C-ter
45,P,0.9305555555555556,-1,-,P411,C-ter
46,T,0.9305555555555556,-10,-,T420,C-ter
47,C,0.9833333333333333,-10,-,C423,C-ter
