,residue,frequency,blosum80_score,Wootten,Name,domains
0,E,0.9705882352941176,1,-,E41,N-ter
1,L,0.9,-2,-,L49,N-ter
2,G,0.9176470588235294,-3,-,G68,N-ter
3,N,1.0,1,-,N106,N-ter
4,G,0.9397590361445783,-3,-,G124,N-ter
5,N,0.9411764705882353,-1,-,N128,N-ter
6,M,0.9647058823529412,1,1.42,M145,TM1
7,Y,0.9882352941176471,2,1.47,Y150,TM1
8,L,0.9882352941176471,1,1.51,L154,TM1
9,F,0.9411764705882353,0,1.64,F167,TM1
10,T,0.9767441860465116,-2,2.45,T173,TM2
11,S,1.0,1,2.56,S184,TM2
12,R,0.9883720930232558,2,2.6,R188,TM2
13,I,0.9534883720930233,1,2.66,I194,TM2
14,Y,0.9885057471264368,3,3.38,Y224,TM3
15,C,0.9080459770114943,-1,3.39,C225,TM3
16,I,1.0,-1,3.4,I226,TM3
17,Y,1.0,3,3.44,Y230,TM3
18,G,0.9655172413793104,0,3.51,G237,TM3
19,S,1.0,-10,-,S247,ICL2
20,F,0.9764705882352941,-3,-,F248,ICL2
21,F,0.9770114942528736,-4,-,F249,ICL2
22,S,0.9885057471264368,-10,4.37,S250,TM4
23,K,0.9885057471264368,2,4.4,K253,TM4
24,G,1.0,0,-,G284,ECL2
25,R,0.9767441860465116,2,5.4,R299,TM5
26,V,0.9302325581395349,3,5.43,V302,TM5
27,I,0.9534883720930233,3,5.47,I306,TM5
28,L,0.9069767441860465,1,5.58,L317,TM5
29,K,0.9069767441860465,-4,6.36,K338,TM6
30,F,0.9294117647058824,-4,7.4,F371,TM7
31,A,0.9761904761904762,0,7.44,A375,TM7
32,G,0.9310344827586207,-2,8.48,G393,H8
33,Q,0.9761904761904762,1,8.51,Q396,H8
34,W,0.9642857142857143,-10,8.61,W406,H8
35,L,0.9285714285714286,-4,8.63,L408,H8
36,S,0.9397590361445783,-1,-,S418,C-ter
37,S,0.9629629629629629,-10,-,S420,C-ter
38,S,0.9,-10,-,S426,C-ter
