,residue,frequency,ghrhr_score,pacr_score,vipr1_score,vipr2_score,Wootten,name,domain
0,M,0.9647058823529412,1,2,-4,1,1.42,M145,TM1
1,L,0.9069767441860463,1,1,1,1,5.58,L317,TM5
2,F,0.9294117647058824,-4,-1,-1,0,7.4,F371,TM7
3,A,0.9761904761904762,0,0,0,-1,7.44,A375,TM7
