,residue,frequency,blosum80_score,Wootten,Name,domains
0,L,0.9117647058823529,1,-,L38,N-ter
1,E,0.9710144927536232,2,-,E41,N-ter
2,L,0.9130434782608695,-2,-,L49,N-ter
3,G,0.9176470588235294,-10,-,G68,N-ter
4,F,0.9176470588235294,-1,-,F92,N-ter
5,G,0.9883720930232558,-10,-,G101,N-ter
6,N,1.0,-10,-,N106,N-ter
7,E,0.9036144578313253,1,1.3,E133,TM1
8,Y,0.9529411764705882,3,1.35,Y138,TM1
9,M,0.9647058823529412,-4,1.42,M145,TM1
10,I,1.0,3,3.4,I226,TM3
11,Y,1.0,3,3.44,Y230,TM3
12,R,0.9767441860465116,2,5.4,R299,TM5
13,V,0.9302325581395349,3,5.43,V302,TM5
14,L,0.9069767441860465,1,5.58,L317,TM5
15,K,0.9069767441860465,-1,6.36,K338,TM6
16,F,0.9294117647058824,-1,7.4,F371,TM7
17,A,0.9647058823529412,0,7.44,A375,TM7
18,L,0.9529411764705882,1,7.45,L376,TM7
