,GHRHR,GHRHR_index,GHRHR_frequency,PACR,PACR_index,PACR_frequency,SCTR,SCTR_index,SCTR_frequency,VIPR1,VIPR1_index,VIPR1_frequency,VIPR2,VIPR2_index,VIPR2_frequency,residue,frequency,status
181,I,132,0.91358024691358,L,156,0.916666666666667,M,145,0.9647058823529409,G,145,0.890243902439024,I,129,0.7558139534883721,-,0.0,NC
356,I,304,0.9240506329113921,I,328,1.0,L,317,0.9069767441860458,I,316,0.9770114942528739,I,303,0.8837209302325579,I,0.767058823529412,NC
411,P,359,0.569620253164557,V,383,1.0,F,371,0.929411764705882,V,371,0.857142857142857,L,358,0.523255813953488,-,0.0,NC
415,G,363,0.582278481012658,G,387,1.0,A,375,0.9761904761904759,V,375,0.7857142857142858,C,362,0.8372093023255809,-,0.0,NC
