,residue,frequency,blosum80_score,Wootten,Name,domains
0,L,0.9117647058823529,0,-,L38,N-ter
1,L,0.9,1,-,L49,N-ter
2,P,0.9529411764705882,-1,-,P77,N-ter
3,F,0.9176470588235294,0,-,F92,N-ter
4,N,0.9523809523809523,-3,-,N128,N-ter
5,M,0.9647058823529412,2,1.42,M145,TM1
6,Y,0.9651162790697675,3,2.48,Y176,TM2
7,I,0.9883720930232558,1,2.58,I186,TM2
8,F,0.9529411764705882,3,-,F200,ECL1
9,I,1.0,3,3.4,I226,TM3
10,L,1.0,0,3.48,L234,TM3
11,V,0.9655172413793104,3,3.49,V235,TM3
12,S,1.0,1,-,S247,ICL2
13,S,0.9885057471264368,-1,4.37,S250,TM4
14,K,0.9885057471264368,2,4.4,K253,TM4
15,E,0.9655172413793104,1,4.68,E281,TM4
16,R,0.9767441860465116,2,5.4,R299,TM5
17,L,0.9069767441860465,1,5.58,L317,TM5
18,R,0.9418604651162791,-3,5.59,R318,TM5
19,K,0.9069767441860465,-3,6.36,K338,TM6
20,F,0.9294117647058824,-1,7.4,F371,TM7
21,A,0.9761904761904762,0,7.44,A375,TM7
22,L,0.9285714285714286,1,8.63,L408,H8
23,S,0.9506172839506173,1,-,S420,C-ter
