,residue,frequency,blosum80_score,Wootten,Name,domains
0,L,0.9117647058823529,1,-,L38,N-ter
1,P,0.9529411764705882,-2,-,P77,N-ter
2,F,0.9176470588235294,-1,-,F92,N-ter
3,R,0.9764705882352941,2,-,R105,N-ter
4,N,0.9523809523809523,-10,-,N128,N-ter
5,Y,0.9529411764705882,3,1.35,Y138,TM1
6,M,0.9647058823529412,1,1.42,M145,TM1
7,A,1.0,0,1.57,A160,TM1
8,F,0.9767441860465116,0,2.65,F193,TM2
9,I,0.9534883720930233,3,2.66,I194,TM2
10,F,0.9529411764705882,3,-,F200,ECL1
11,Y,1.0,3,3.44,Y230,TM3
12,S,1.0,-10,-,S247,ICL2
13,F,0.9651162790697675,-1,-,F248,ICL2
14,K,0.9885057471264368,2,4.4,K253,TM4
15,V,0.9302325581395349,3,5.43,V302,TM5
16,L,0.9069767441860465,1,5.58,L317,TM5
17,F,0.9651162790697675,-1,6.58,F360,TM6
18,F,0.9294117647058824,0,7.4,F371,TM7
19,A,0.9761904761904762,-1,7.44,A375,TM7
20,G,0.9310344827586207,-1,8.48,G393,H8
21,W,0.9642857142857143,-2,8.61,W406,H8
22,L,0.9285714285714286,-10,8.63,L408,H8
